,Country,Year,Population,Agriculture,Income
0,Bangladesh,1959,48000000.0,57.5,999.0
1,Bangladesh,1960,49400000.0,58.0,1050.0
2,Bangladesh,1961,50800000.0,57.0,1030.0
3,Bangladesh,1962,52200000.0,57.1,1120.0
4,Bangladesh,1963,53700000.0,53.4,1130.0
5,Bangladesh,1964,55400000.0,52.8,1170.0
6,Bangladesh,1965,57200000.0,53.9,1180.0
7,Bangladesh,1966,59000000.0,55.9,1140.0
8,Bangladesh,1967,60900000.0,53.6,1230.0
9,Bangladesh,1968,62700000.0,55.4,1230.0
10,Bangladesh,1969,64200000.0,54.6,1280.0
11,Bangladesh,1970,65500000.0,51.0,1200.0
12,Bangladesh,1971,66600000.0,59.6,1040.0
13,Bangladesh,1972,67600000.0,56.6,1030.0
14,Bangladesh,1973,68700000.0,56.6,1150.0
15,Bangladesh,1974,70100000.0,62.0,1120.0
16,Bangladesh,1975,71700000.0,51.9,1160.0
17,Bangladesh,1976,73500000.0,48.9,1140.0
18,Bangladesh,1977,75500000.0,54.3,1200.0
19,Bangladesh,1978,77500000.0,52.5,1230.0
20,Bangladesh,1979,79600000.0,32.8,1220.0
21,Bangladesh,1980,81800000.0,32.0,1230.0
22,Bangladesh,1981,83900000.0,31.4,1230.0
23,Bangladesh,1982,86100000.0,31.0,1270.0
24,Bangladesh,1983,88400000.0,34.7,1320.0
25,Bangladesh,1984,90800000.0,33.0,1340.0
26,Bangladesh,1985,93200000.0,32.4,1380.0
27,Bangladesh,1986,95700000.0,32.7,1410.0
28,Bangladesh,1987,98200000.0,31.3,1430.0
29,Bangladesh,1988,101000000.0,30.6,1450.0
30,Bangladesh,1989,103000000.0,30.5,1520.0
31,Bangladesh,1990,106000000.0,31.7,1540.0
32,Bangladesh,1991,108000000.0,30.5,1580.0
33,Bangladesh,1992,110000000.0,27.3,1620.0
34,Bangladesh,1993,113000000.0,26.7,1650.0
35,Bangladesh,1994,115000000.0,27.3,1700.0
36,Bangladesh,1995,118000000.0,23.3,1740.0
37,Bangladesh,1996,120000000.0,23.2,1780.0
38,Bangladesh,1997,123000000.0,22.6,1830.0
39,Bangladesh,1998,125000000.0,22.7,1880.0
40,Bangladesh,1999,128000000.0,22.7,1940.0
41,Bangladesh,2000,130000000.0,21.8,2000.0
42,Bangladesh,2001,132000000.0,20.6,2040.0
43,Bangladesh,2002,135000000.0,19.8,2100.0
44,Bangladesh,2003,137000000.0,19.3,2170.0
45,Bangladesh,2004,139000000.0,18.6,2280.0
46,Bangladesh,2005,141000000.0,18.0,2400.0
47,Bangladesh,2006,143000000.0,17.8,2540.0
48,Bangladesh,2007,144000000.0,17.6,2660.0
49,Bangladesh,2008,146000000.0,17.1,2760.0
50,Bangladesh,2009,148000000.0,17.0,2880.0
51,Bangladesh,2010,149000000.0,16.8,3040.0
52,Bangladesh,2011,151000000.0,16.2,3200.0
53,Bangladesh,2012,153000000.0,15.5,3350.0
54,Bangladesh,2013,155000000.0,15.4,3510.0
55,Bangladesh,2014,156000000.0,14.8,3700.0
56,Bangladesh,2015,158000000.0,14.0,3920.0
57,Bangladesh,2016,160000000.0,13.4,4160.0
58,Bangladesh,2017,161000000.0,13.1,4440.0
59,Bangladesh,2018,163000000.0,12.7,4750.0
60,Benin,1959,2430000.0,46.2,1690.0
61,Benin,1960,2470000.0,46.2,1710.0
62,Benin,1961,2500000.0,44.7,1620.0
63,Benin,1962,2540000.0,43.7,1650.0
64,Benin,1963,2590000.0,45.5,1730.0
65,Benin,1964,2630000.0,44.6,1780.0
66,Benin,1965,2680000.0,45.1,1800.0
67,Benin,1966,2740000.0,42.1,1770.0
68,Benin,1967,2790000.0,38.9,1800.0
69,Benin,1968,2850000.0,38.5,1810.0
70,Benin,1969,2910000.0,36.3,1800.0
71,Benin,1970,2980000.0,34.4,1790.0
72,Benin,1971,3040000.0,34.2,1920.0
73,Benin,1972,3110000.0,33.6,1950.0
74,Benin,1973,3190000.0,31.5,2030.0
75,Benin,1974,3270000.0,30.5,1850.0
76,Benin,1975,3350000.0,33.2,1820.0
77,Benin,1976,3430000.0,31.9,1850.0
78,Benin,1977,3520000.0,34.5,1790.0
79,Benin,1978,3620000.0,35.0,1890.0
80,Benin,1979,3720000.0,35.4,2000.0
81,Benin,1980,3820000.0,32.7,2060.0
82,Benin,1981,3930000.0,32.5,2210.0
83,Benin,1982,4040000.0,33.2,2060.0
84,Benin,1983,4160000.0,33.3,2150.0
85,Benin,1984,4280000.0,31.5,2250.0
86,Benin,1985,4400000.0,33.7,2230.0
87,Benin,1986,4540000.0,33.3,2130.0
88,Benin,1987,4670000.0,34.4,2130.0
89,Benin,1988,4820000.0,37.9,2060.0
90,Benin,1989,4980000.0,34.7,2180.0
91,Benin,1990,5150000.0,35.0,2190.0
92,Benin,1991,5330000.0,33.9,2180.0
93,Benin,1992,5520000.0,34.1,2230.0
94,Benin,1993,5710000.0,32.3,2200.0
95,Benin,1994,5910000.0,33.1,2250.0
96,Benin,1995,6090000.0,35.7,2280.0
97,Benin,1996,6280000.0,35.8,2340.0
98,Benin,1997,6470000.0,36.6,2360.0
99,Benin,1998,6660000.0,24.5,2410.0
100,Benin,1999,6870000.0,23.5,2480.0
101,Benin,2000,7080000.0,25.0,2530.0
102,Benin,2001,7300000.0,25.4,2570.0
103,Benin,2002,7520000.0,24.5,2580.0
104,Benin,2003,7750000.0,26.5,2610.0
105,Benin,2004,7980000.0,26.7,2580.0
106,Benin,2005,8220000.0,26.6,2610.0
107,Benin,2006,8450000.0,27.0,2690.0
108,Benin,2007,8700000.0,26.8,2740.0
109,Benin,2008,8940000.0,27.0,2720.0
110,Benin,2009,9200000.0,25.8,2710.0
111,Benin,2010,9460000.0,25.8,2710.0
112,Benin,2011,9730000.0,25.8,2760.0
113,Benin,2012,10000000.0,25.3,2880.0
114,Benin,2013,10300000.0,25.6,2980.0
115,Benin,2014,10600000.0,26.4,2950.0
116,Benin,2015,10900000.0,27.8,2960.0
117,Benin,2016,11200000.0,28.5,3050.0
118,Benin,2017,11500000.0,28.1,3160.0
119,Benin,2018,11800000.0,26.9,3290.0
120,Botswana,1959,503000.0,43.2,822.0
121,Botswana,1960,513000.0,41.9,874.0
122,Botswana,1961,524000.0,40.7,928.0
123,Botswana,1962,536000.0,39.7,953.0
124,Botswana,1963,548000.0,38.6,993.0
125,Botswana,1964,560000.0,33.8,934.0
126,Botswana,1965,572000.0,39.3,989.0
127,Botswana,1966,584000.0,41.3,1170.0
128,Botswana,1967,597000.0,43.7,1320.0
129,Botswana,1968,611000.0,38.7,1290.0
130,Botswana,1969,628000.0,33.0,1430.0
131,Botswana,1970,646000.0,33.0,1750.0
132,Botswana,1971,667000.0,33.0,2150.0
133,Botswana,1972,690000.0,33.1,2520.0
134,Botswana,1973,715000.0,31.8,2660.0
135,Botswana,1974,741000.0,27.5,2780.0
136,Botswana,1975,770000.0,24.7,2970.0
137,Botswana,1976,801000.0,22.6,3170.0
138,Botswana,1977,832000.0,18.4,3410.0
139,Botswana,1978,865000.0,14.5,3760.0
140,Botswana,1979,898000.0,12.7,4070.0
141,Botswana,1980,930000.0,12.4,4400.0
142,Botswana,1981,963000.0,10.3,4620.0
143,Botswana,1982,996000.0,7.97,5000.0
144,Botswana,1983,1030000.0,6.89,5500.0
145,Botswana,1984,1070000.0,5.92,5810.0
146,Botswana,1985,1110000.0,5.29,6010.0
147,Botswana,1986,1150000.0,6.24,6270.0
148,Botswana,1987,1200000.0,5.63,6790.0
149,Botswana,1988,1240000.0,4.7,8740.0
150,Botswana,1989,1290000.0,4.53,9070.0
151,Botswana,1990,1330000.0,4.38,9460.0
152,Botswana,1991,1360000.0,4.63,9470.0
153,Botswana,1992,1400000.0,4.52,9410.0
154,Botswana,1993,1430000.0,3.76,9510.0
155,Botswana,1994,1470000.0,4.64,9940.0
156,Botswana,1995,1500000.0,3.69,10300.0
157,Botswana,1996,1540000.0,3.54,10900.0
158,Botswana,1997,1580000.0,3.17,10700.0
159,Botswana,1998,1610000.0,2.99,11400.0
160,Botswana,1999,1640000.0,2.79,11400.0
161,Botswana,2000,1670000.0,2.59,11300.0
162,Botswana,2001,1700000.0,2.43,11700.0
163,Botswana,2002,1730000.0,2.72,12100.0
164,Botswana,2003,1770000.0,2.26,12200.0
165,Botswana,2004,1800000.0,1.83,12500.0
166,Botswana,2005,1840000.0,2.05,13300.0
167,Botswana,2006,1880000.0,2.24,14100.0
168,Botswana,2007,1920000.0,2.53,14600.0
169,Botswana,2008,1950000.0,2.82,13200.0
170,Botswana,2009,1990000.0,2.49,14100.0
171,Botswana,2010,2020000.0,2.51,14800.0
172,Botswana,2011,2040000.0,2.7,15200.0
173,Botswana,2012,2060000.0,2.3,16800.0
174,Botswana,2013,2090000.0,2.09,17300.0
175,Botswana,2014,2120000.0,2.2,16700.0
176,Botswana,2015,2160000.0,2.05,17100.0
177,Botswana,2016,2210000.0,1.99,17300.0
178,Botswana,2017,2250000.0,1.99,17600.0
179,Botswana,2018,2300000.0,1.95,17800.0
180,Brazil,1959,72200000.0,17.7,3910.0
181,Brazil,1960,74300000.0,17.1,4150.0
182,Brazil,1961,76500000.0,15.5,4320.0
183,Brazil,1962,78800000.0,15.1,4240.0
184,Brazil,1963,81100000.0,15.8,4280.0
185,Brazil,1964,83400000.0,16.7,4280.0
186,Brazil,1965,85700000.0,13.3,4450.0
187,Brazil,1966,88000000.0,13.0,4530.0
188,Brazil,1967,90400000.0,11.8,4860.0
189,Brazil,1968,92700000.0,11.1,5210.0
190,Brazil,1969,95100000.0,10.4,5630.0
191,Brazil,1970,97500000.0,11.0,6130.0
192,Brazil,1971,99900000.0,11.1,6720.0
193,Brazil,1972,102000000.0,11.4,7500.0
194,Brazil,1973,105000000.0,11.2,7950.0
195,Brazil,1974,107000000.0,10.7,8200.0
196,Brazil,1975,110000000.0,11.5,8860.0
197,Brazil,1976,112000000.0,12.9,9120.0
198,Brazil,1977,115000000.0,10.3,9390.0
199,Brazil,1978,118000000.0,9.9,9830.0
200,Brazil,1979,121000000.0,9.95,10500.0
201,Brazil,1980,124000000.0,9.64,9900.0
202,Brazil,1981,126000000.0,8.06,9790.0
203,Brazil,1982,129000000.0,9.83,9340.0
204,Brazil,1983,132000000.0,10.4,9690.0
205,Brazil,1984,135000000.0,10.5,10300.0
206,Brazil,1985,138000000.0,9.93,10900.0
207,Brazil,1986,141000000.0,9.01,11100.0
208,Brazil,1987,144000000.0,9.14,10900.0
209,Brazil,1988,146000000.0,8.44,11100.0
210,Brazil,1989,149000000.0,6.87,10500.0
211,Brazil,1990,152000000.0,6.79,10500.0
212,Brazil,1991,154000000.0,6.78,10300.0
213,Brazil,1992,157000000.0,6.56,10600.0
214,Brazil,1993,159000000.0,8.54,10900.0
215,Brazil,1994,162000000.0,5.01,11300.0
216,Brazil,1995,165000000.0,4.77,11300.0
217,Brazil,1996,167000000.0,4.69,11500.0
218,Brazil,1997,170000000.0,4.75,11400.0
219,Brazil,1998,172000000.0,4.65,11300.0
220,Brazil,1999,175000000.0,4.75,11600.0
221,Brazil,2000,177000000.0,4.8,11600.0
222,Brazil,2001,180000000.0,5.48,11800.0
223,Brazil,2002,182000000.0,6.17,11800.0
224,Brazil,2003,184000000.0,5.67,12300.0
225,Brazil,2004,186000000.0,4.65,12600.0
226,Brazil,2005,188000000.0,4.37,12900.0
227,Brazil,2006,190000000.0,4.42,13600.0
228,Brazil,2007,192000000.0,4.57,14100.0
229,Brazil,2008,194000000.0,4.48,14000.0
230,Brazil,2009,196000000.0,4.12,14900.0
231,Brazil,2010,198000000.0,4.34,15300.0
232,Brazil,2011,199000000.0,4.17,15500.0
233,Brazil,2012,201000000.0,4.51,15800.0
234,Brazil,2013,203000000.0,4.33,15700.0
235,Brazil,2014,204000000.0,4.32,15100.0
236,Brazil,2015,206000000.0,4.89,14400.0
237,Brazil,2016,208000000.0,4.6,14500.0
238,Brazil,2017,209000000.0,4.42,14600.0
239,Brazil,2018,211000000.0,4.4,14700.0
240,Burkina Faso,1959,4830000.0,38.5,745.0
241,Burkina Faso,1960,4890000.0,38.3,645.0
242,Burkina Faso,1961,4960000.0,37.9,673.0
243,Burkina Faso,1962,5030000.0,38.5,657.0
244,Burkina Faso,1963,5100000.0,38.7,665.0
245,Burkina Faso,1964,5170000.0,35.4,651.0
246,Burkina Faso,1965,5260000.0,36.3,644.0
247,Burkina Faso,1966,5340000.0,33.4,694.0
248,Burkina Faso,1967,5430000.0,31.6,718.0
249,Burkina Faso,1968,5530000.0,32.0,722.0
250,Burkina Faso,1969,5620000.0,30.5,726.0
251,Burkina Faso,1970,5720000.0,30.6,712.0
252,Burkina Faso,1971,5830000.0,31.9,858.0
253,Burkina Faso,1972,5930000.0,29.4,800.0
254,Burkina Faso,1973,6040000.0,30.8,831.0
255,Burkina Faso,1974,6150000.0,28.9,836.0
256,Burkina Faso,1975,6270000.0,29.0,813.0
257,Burkina Faso,1976,6400000.0,28.4,855.0
258,Burkina Faso,1977,6530000.0,30.1,938.0
259,Burkina Faso,1978,6670000.0,29.4,925.0
260,Burkina Faso,1979,6820000.0,28.4,921.0
261,Burkina Faso,1980,6990000.0,29.8,941.0
262,Burkina Faso,1981,7160000.0,27.5,941.0
263,Burkina Faso,1982,7340000.0,27.6,908.0
264,Burkina Faso,1983,7530000.0,28.5,901.0
265,Burkina Faso,1984,7730000.0,33.9,994.0
266,Burkina Faso,1985,7930000.0,29.4,1050.0
267,Burkina Faso,1986,8140000.0,27.8,1020.0
268,Burkina Faso,1987,8360000.0,28.5,1050.0
269,Burkina Faso,1988,8580000.0,27.6,1050.0
270,Burkina Faso,1989,8810000.0,28.0,1020.0
271,Burkina Faso,1990,9050000.0,29.8,1080.0
272,Burkina Faso,1991,9300000.0,28.8,1050.0
273,Burkina Faso,1992,9550000.0,30.2,1060.0
274,Burkina Faso,1993,9820000.0,32.9,1050.0
275,Burkina Faso,1994,10100000.0,33.2,1080.0
276,Burkina Faso,1995,10400000.0,36.4,1160.0
277,Burkina Faso,1996,10700000.0,33.7,1200.0
278,Burkina Faso,1997,11000000.0,36.6,1250.0
279,Burkina Faso,1998,11300000.0,27.3,1310.0
280,Burkina Faso,1999,11600000.0,24.9,1300.0
281,Burkina Faso,2000,11900000.0,26.9,1340.0
282,Burkina Faso,2001,12300000.0,26.4,1360.0
283,Burkina Faso,2002,12700000.0,26.0,1430.0
284,Burkina Faso,2003,13000000.0,23.4,1450.0
285,Burkina Faso,2004,13400000.0,26.8,1530.0
286,Burkina Faso,2005,13800000.0,25.2,1580.0
287,Burkina Faso,2006,14300000.0,21.8,1590.0
288,Burkina Faso,2007,14700000.0,27.3,1630.0
289,Burkina Faso,2008,15100000.0,23.2,1630.0
290,Burkina Faso,2009,15600000.0,24.1,1720.0
291,Burkina Faso,2010,16100000.0,23.0,1780.0
292,Burkina Faso,2011,16600000.0,23.8,1840.0
293,Burkina Faso,2012,17100000.0,23.6,1880.0
294,Burkina Faso,2013,17600000.0,23.7,1910.0
295,Burkina Faso,2014,18100000.0,22.6,1930.0
296,Burkina Faso,2015,18600000.0,21.7,1980.0
297,Burkina Faso,2016,19200000.0,20.6,2040.0
298,Burkina Faso,2017,19800000.0,23.1,2120.0
299,Burkina Faso,2018,20300000.0,20.2,2180.0
300,Chad,1959,3000000.0,39.7,1120.0
301,Chad,1960,3060000.0,38.7,1130.0
302,Chad,1961,3120000.0,38.5,1180.0
303,Chad,1962,3180000.0,38.0,1150.0
304,Chad,1963,3250000.0,36.6,1110.0
305,Chad,1964,3310000.0,35.8,1100.0
306,Chad,1965,3370000.0,36.6,1060.0
307,Chad,1966,3430000.0,39.9,1060.0
308,Chad,1967,3500000.0,39.5,1040.0
309,Chad,1968,3570000.0,38.4,1090.0
310,Chad,1969,3640000.0,37.1,1100.0
311,Chad,1970,3730000.0,37.2,1110.0
312,Chad,1971,3820000.0,37.8,1020.0
313,Chad,1972,3910000.0,36.5,955.0
314,Chad,1973,4000000.0,36.7,1070.0
315,Chad,1974,4090000.0,37.0,1240.0
316,Chad,1975,4170000.0,35.8,1200.0
317,Chad,1976,4260000.0,35.5,1100.0
318,Chad,1977,4340000.0,36.1,1080.0
319,Chad,1978,4420000.0,41.3,834.0
320,Chad,1979,4510000.0,45.7,787.0
321,Chad,1980,4610000.0,40.3,709.0
322,Chad,1981,4720000.0,40.0,718.0
323,Chad,1982,4830000.0,38.9,797.0
324,Chad,1983,4960000.0,32.6,836.0
325,Chad,1984,5100000.0,37.0,899.0
326,Chad,1985,5250000.0,31.7,934.0
327,Chad,1986,5410000.0,31.8,942.0
328,Chad,1987,5590000.0,35.2,990.0
329,Chad,1988,5770000.0,30.2,987.0
330,Chad,1989,5960000.0,27.9,1000.0
331,Chad,1990,6160000.0,35.5,1060.0
332,Chad,1991,6360000.0,34.3,1100.0
333,Chad,1992,6560000.0,31.4,901.0
334,Chad,1993,6780000.0,37.2,961.0
335,Chad,1994,7010000.0,35.1,941.0
336,Chad,1995,7250000.0,37.5,930.0
337,Chad,1996,7500000.0,38.3,949.0
338,Chad,1997,7770000.0,39.0,980.0
339,Chad,1998,8050000.0,38.1,939.0
340,Chad,1999,8360000.0,40.7,897.0
341,Chad,2000,8680000.0,40.3,965.0
342,Chad,2001,9020000.0,37.9,1010.0
343,Chad,2002,9370000.0,32.3,1110.0
344,Chad,2003,9730000.0,22.9,1430.0
345,Chad,2004,10100000.0,53.8,1620.0
346,Chad,2005,10500000.0,55.8,1570.0
347,Chad,2006,10800000.0,54.7,1570.0
348,Chad,2007,11200000.0,54.6,1570.0
349,Chad,2008,11600000.0,46.5,1580.0
350,Chad,2009,12000000.0,51.9,1730.0
351,Chad,2010,12400000.0,51.2,1680.0
352,Chad,2011,12800000.0,54.9,1770.0
353,Chad,2012,13200000.0,50.0,1800.0
354,Chad,2013,13700000.0,50.6,1870.0
355,Chad,2014,14100000.0,50.4,1860.0
356,Chad,2015,14600000.0,46.1,1690.0
357,Chad,2016,15000000.0,48.6,1590.0
358,Chad,2017,15500000.0,45.1,1580.0
359,Chad,2018,15900000.0,42.6,1580.0
360,Chile,1959,8130000.0,10.5,7800.0
361,Chile,1960,8300000.0,10.1,7920.0
362,Chile,1961,8480000.0,9.2,8050.0
363,Chile,1962,8650000.0,7.94,8300.0
364,Chile,1963,8820000.0,8.56,8240.0
365,Chile,1964,8990000.0,8.85,8070.0
366,Chile,1965,9150000.0,9.27,8740.0
367,Chile,1966,9310000.0,8.61,8790.0
368,Chile,1967,9470000.0,7.68,8870.0
369,Chile,1968,9630000.0,6.86,8970.0
370,Chile,1969,9780000.0,6.78,8930.0
371,Chile,1970,9940000.0,8.1,9510.0
372,Chile,1971,10100000.0,8.3,9180.0
373,Chile,1972,10300000.0,6.66,8480.0
374,Chile,1973,10400000.0,5.69,8370.0
375,Chile,1974,10600000.0,6.58,7130.0
376,Chile,1975,10800000.0,8.44,7230.0
377,Chile,1976,10900000.0,9.83,7790.0
378,Chile,1977,11100000.0,7.6,8260.0
379,Chile,1978,11300000.0,7.27,8770.0
380,Chile,1979,11400000.0,7.22,9290.0
381,Chile,1980,11600000.0,6.46,9640.0
382,Chile,1981,11700000.0,6.29,8150.0
383,Chile,1982,11900000.0,5.89,7750.0
384,Chile,1983,12100000.0,7.15,8030.0
385,Chile,1984,12300000.0,7.47,8010.0
386,Chile,1985,12400000.0,8.57,8260.0
387,Chile,1986,12600000.0,8.79,8600.0
388,Chile,1987,12800000.0,8.48,9020.0
389,Chile,1988,13100000.0,8.3,9750.0
390,Chile,1989,13300000.0,8.24,9880.0
391,Chile,1990,13500000.0,9.26,10500.0
392,Chile,1991,13700000.0,9.21,11500.0
393,Chile,1992,13900000.0,8.03,12000.0
394,Chile,1993,14200000.0,7.5,12400.0
395,Chile,1994,14400000.0,7.0,13300.0
396,Chile,1995,14600000.0,5.45,14000.0
397,Chile,1996,14800000.0,5.44,14900.0
398,Chile,1997,15000000.0,5.7,15300.0
399,Chile,1998,15200000.0,5.64,15100.0
400,Chile,1999,15300000.0,5.38,15700.0
401,Chile,2000,15500000.0,4.41,16000.0
402,Chile,2001,15700000.0,4.44,16300.0
403,Chile,2002,15800000.0,4.46,16800.0
404,Chile,2003,16000000.0,4.06,17900.0
405,Chile,2004,16200000.0,4.13,18700.0
406,Chile,2005,16400000.0,3.88,19700.0
407,Chile,2006,16500000.0,3.71,20400.0
408,Chile,2007,16700000.0,3.71,20900.0
409,Chile,2008,16900000.0,3.74,20400.0
410,Chile,2009,17100000.0,3.62,21300.0
411,Chile,2010,17200000.0,3.67,22400.0
412,Chile,2011,17400000.0,3.3,23400.0
413,Chile,2012,17600000.0,3.38,24100.0
414,Chile,2013,17800000.0,3.73,24200.0
415,Chile,2014,18000000.0,3.64,24500.0
416,Chile,2015,18200000.0,3.99,24600.0
417,Chile,2016,18500000.0,3.98,24500.0
418,Chile,2017,18700000.0,3.55,25200.0
419,Chile,2018,19000000.0,3.61,25100.0
420,China,1959,660000000.0,23.2,1220.0
421,China,1960,671000000.0,35.8,986.0
422,China,1961,682000000.0,39.0,1020.0
423,China,1962,694000000.0,39.9,1120.0
424,China,1963,708000000.0,38.0,1220.0
425,China,1964,724000000.0,37.5,1300.0
426,China,1965,742000000.0,37.2,1280.0
427,China,1966,763000000.0,39.8,1230.0
428,China,1967,784000000.0,41.6,1140.0
429,China,1968,806000000.0,37.5,1200.0
430,China,1969,828000000.0,34.8,1290.0
431,China,1970,849000000.0,33.6,1310.0
432,China,1971,869000000.0,32.4,1260.0
433,China,1972,889000000.0,32.9,1300.0
434,China,1973,908000000.0,33.4,1270.0
435,China,1974,926000000.0,32.0,1300.0
436,China,1975,943000000.0,32.4,1200.0
437,China,1976,958000000.0,29.0,1220.0
438,China,1977,972000000.0,27.7,1300.0
439,China,1978,986000000.0,30.7,1350.0
440,China,1979,1000000000.0,29.6,1350.0
441,China,1980,1010000000.0,31.3,1330.0
442,China,1981,1030000000.0,32.8,1400.0
443,China,1982,1040000000.0,32.6,1410.0
444,China,1983,1060000000.0,31.5,1500.0
445,China,1984,1080000000.0,27.9,1540.0
446,China,1985,1100000000.0,26.6,1560.0
447,China,1986,1120000000.0,26.3,1600.0
448,China,1987,1140000000.0,25.2,1590.0
449,China,1988,1160000000.0,24.6,1510.0
450,China,1989,1180000000.0,26.6,1420.0
451,China,1990,1190000000.0,24.0,1540.0
452,China,1991,1210000000.0,21.3,1730.0
453,China,1992,1220000000.0,19.3,1950.0
454,China,1993,1230000000.0,19.5,2180.0
455,China,1994,1240000000.0,19.6,2390.0
456,China,1995,1250000000.0,19.3,2600.0
457,China,1996,1260000000.0,17.9,2810.0
458,China,1997,1270000000.0,17.2,3000.0
459,China,1998,1280000000.0,16.1,3210.0
460,China,1999,1290000000.0,14.7,3450.0
461,China,2000,1300000000.0,14.0,3710.0
462,China,2001,1310000000.0,13.3,4020.0
463,China,2002,1320000000.0,12.3,4400.0
464,China,2003,1320000000.0,12.9,4820.0
465,China,2004,1330000000.0,11.6,5340.0
466,China,2005,1340000000.0,10.6,5980.0
467,China,2006,1350000000.0,10.2,6800.0
468,China,2007,1350000000.0,10.2,7410.0
469,China,2008,1360000000.0,9.64,8070.0
470,China,2009,1370000000.0,9.33,8890.0
471,China,2010,1380000000.0,9.18,9690.0
472,China,2011,1380000000.0,9.11,10400.0
473,China,2012,1390000000.0,8.94,11200.0
474,China,2013,1400000000.0,8.64,11900.0
475,China,2014,1410000000.0,8.39,12700.0
476,China,2015,1410000000.0,8.06,13500.0
477,China,2016,1420000000.0,7.46,14300.0
478,China,2017,1430000000.0,7.04,15200.0
479,China,2018,1430000000.0,7.14,16100.0
480,"Congo, Rep.",1959,1020000.0,23.6,2300.0
481,"Congo, Rep.",1960,1040000.0,20.5,2340.0
482,"Congo, Rep.",1961,1070000.0,19.8,2370.0
483,"Congo, Rep.",1962,1100000.0,21.0,2410.0
484,"Congo, Rep.",1963,1130000.0,21.1,2450.0
485,"Congo, Rep.",1964,1160000.0,19.1,2480.0
486,"Congo, Rep.",1965,1190000.0,19.2,2570.0
487,"Congo, Rep.",1966,1220000.0,19.9,2650.0
488,"Congo, Rep.",1967,1250000.0,19.6,2740.0
489,"Congo, Rep.",1968,1290000.0,17.7,2820.0
490,"Congo, Rep.",1969,1330000.0,17.9,2910.0
491,"Congo, Rep.",1970,1370000.0,17.1,3110.0
492,"Congo, Rep.",1971,1410000.0,16.4,3170.0
493,"Congo, Rep.",1972,1450000.0,15.7,3650.0
494,"Congo, Rep.",1973,1490000.0,15.1,3540.0
495,"Congo, Rep.",1974,1540000.0,14.5,3430.0
496,"Congo, Rep.",1975,1580000.0,13.5,3510.0
497,"Congo, Rep.",1976,1630000.0,15.4,3180.0
498,"Congo, Rep.",1977,1680000.0,16.0,3290.0
499,"Congo, Rep.",1978,1730000.0,14.3,3580.0
500,"Congo, Rep.",1979,1780000.0,11.7,3940.0
501,"Congo, Rep.",1980,1830000.0,7.88,4670.0
502,"Congo, Rep.",1981,1880000.0,7.86,5640.0
503,"Congo, Rep.",1982,1940000.0,7.58,5820.0
504,"Congo, Rep.",1983,2000000.0,6.92,6100.0
505,"Congo, Rep.",1984,2050000.0,7.45,5900.0
506,"Congo, Rep.",1985,2110000.0,12.1,5360.0
507,"Congo, Rep.",1986,2170000.0,11.9,5250.0
508,"Congo, Rep.",1987,2230000.0,13.9,5220.0
509,"Congo, Rep.",1988,2290000.0,12.9,5190.0
510,"Congo, Rep.",1989,2360000.0,12.9,5120.0
511,"Congo, Rep.",1990,2420000.0,11.3,5100.0
512,"Congo, Rep.",1991,2490000.0,11.5,5090.0
513,"Congo, Rep.",1992,2560000.0,11.2,4900.0
514,"Congo, Rep.",1993,2630000.0,10.3,4500.0
515,"Congo, Rep.",1994,2710000.0,10.5,4550.0
516,"Congo, Rep.",1995,2790000.0,8.99,4610.0
517,"Congo, Rep.",1996,2870000.0,9.14,4460.0
518,"Congo, Rep.",1997,2950000.0,11.0,4490.0
519,"Congo, Rep.",1998,3040000.0,8.36,4250.0
520,"Congo, Rep.",1999,3130000.0,5.3,4440.0
521,"Congo, Rep.",2000,3220000.0,5.8,4480.0
522,"Congo, Rep.",2001,3310000.0,6.26,4550.0
523,"Congo, Rep.",2002,3410000.0,6.28,4460.0
524,"Congo, Rep.",2003,3510000.0,5.51,4480.0
525,"Congo, Rep.",2004,3620000.0,6.1,4680.0
526,"Congo, Rep.",2005,3750000.0,4.81,4890.0
527,"Congo, Rep.",2006,3880000.0,4.92,4410.0
528,"Congo, Rep.",2007,4010000.0,4.25,4530.0
529,"Congo, Rep.",2008,4150000.0,5.28,4890.0
530,"Congo, Rep.",2009,4270000.0,4.04,5220.0
531,"Congo, Rep.",2010,4390000.0,3.98,5190.0
532,"Congo, Rep.",2011,4510000.0,3.8,5560.0
533,"Congo, Rep.",2012,4620000.0,4.26,5380.0
534,"Congo, Rep.",2013,4740000.0,4.55,5560.0
535,"Congo, Rep.",2014,4860000.0,5.94,5250.0
536,"Congo, Rep.",2015,4980000.0,7.05,4600.0
537,"Congo, Rep.",2016,5110000.0,7.36,4270.0
538,"Congo, Rep.",2017,5240000.0,6.9,3910.0
539,"Congo, Rep.",2018,5380000.0,7.68,3670.0
540,Costa Rica,1959,1330000.0,26.4,4980.0
541,Costa Rica,1960,1380000.0,25.9,5010.0
542,Costa Rica,1961,1430000.0,25.8,5150.0
543,Costa Rica,1962,1490000.0,24.5,5420.0
544,Costa Rica,1963,1540000.0,24.6,5530.0
545,Costa Rica,1964,1590000.0,23.5,5860.0
546,Costa Rica,1965,1650000.0,23.2,6130.0
547,Costa Rica,1966,1700000.0,23.2,6330.0
548,Costa Rica,1967,1750000.0,23.3,6640.0
549,Costa Rica,1968,1800000.0,23.1,6910.0
550,Costa Rica,1969,1850000.0,22.5,7190.0
551,Costa Rica,1970,1900000.0,20.4,7480.0
552,Costa Rica,1971,1940000.0,20.1,7950.0
553,Costa Rica,1972,1990000.0,20.2,8380.0
554,Costa Rica,1973,2040000.0,19.4,8630.0
555,Costa Rica,1974,2090000.0,20.3,8600.0
556,Costa Rica,1975,2150000.0,20.4,8850.0
557,Costa Rica,1976,2210000.0,21.9,9410.0
558,Costa Rica,1977,2260000.0,20.4,9650.0
559,Costa Rica,1978,2330000.0,18.5,9860.0
560,Costa Rica,1979,2390000.0,17.8,9810.0
561,Costa Rica,1980,2460000.0,23.0,9390.0
562,Costa Rica,1981,2520000.0,24.5,8530.0
563,Costa Rica,1982,2590000.0,22.0,8550.0
564,Costa Rica,1983,2660000.0,21.2,9000.0
565,Costa Rica,1984,2740000.0,18.9,8840.0
566,Costa Rica,1985,2810000.0,20.9,9100.0
567,Costa Rica,1986,2880000.0,18.1,9310.0
568,Costa Rica,1987,2960000.0,17.9,9410.0
569,Costa Rica,1988,3040000.0,17.2,9730.0
570,Costa Rica,1989,3120000.0,15.8,9870.0
571,Costa Rica,1990,3200000.0,11.9,9830.0
572,Costa Rica,1991,3290000.0,11.9,10500.0
573,Costa Rica,1992,3370000.0,11.8,10900.0
574,Costa Rica,1993,3460000.0,12.3,11100.0
575,Costa Rica,1994,3550000.0,12.8,11300.0
576,Costa Rica,1995,3630000.0,12.1,11200.0
577,Costa Rica,1996,3720000.0,12.5,11500.0
578,Costa Rica,1997,3800000.0,12.6,12000.0
579,Costa Rica,1998,3890000.0,11.1,12200.0
580,Costa Rica,1999,3960000.0,9.25,12500.0
581,Costa Rica,2000,4030000.0,8.38,12700.0
582,Costa Rica,2001,4100000.0,8.43,12900.0
583,Costa Rica,2002,4160000.0,8.84,13200.0
584,Costa Rica,2003,4230000.0,8.85,13600.0
585,Costa Rica,2004,4290000.0,8.62,13900.0
586,Costa Rica,2005,4350000.0,8.43,14700.0
587,Costa Rica,2006,4400000.0,7.92,15700.0
588,Costa Rica,2007,4460000.0,6.98,16200.0
589,Costa Rica,2008,4520000.0,7.05,15900.0
590,Costa Rica,2009,4580000.0,6.49,16400.0
591,Costa Rica,2010,4630000.0,5.6,16900.0
592,Costa Rica,2011,4690000.0,5.13,17600.0
593,Costa Rica,2012,4740000.0,4.78,17700.0
594,Costa Rica,2013,4800000.0,4.89,18200.0
595,Costa Rica,2014,4850000.0,4.75,18600.0
596,Costa Rica,2015,4900000.0,4.91,19200.0
597,Costa Rica,2016,4950000.0,4.7,19700.0
598,Costa Rica,2017,5000000.0,4.35,20100.0
599,Costa Rica,2018,5050000.0,4.15,20300.0
600,Cote d'Ivoire,1959,3500000.0,47.9,2300.0
601,Cote d'Ivoire,1960,3630000.0,46.4,2430.0
602,Cote d'Ivoire,1961,3770000.0,45.9,2450.0
603,Cote d'Ivoire,1962,3920000.0,44.2,2740.0
604,Cote d'Ivoire,1963,4070000.0,39.8,3100.0
605,Cote d'Ivoire,1964,4230000.0,39.6,2900.0
606,Cote d'Ivoire,1965,4380000.0,37.4,2990.0
607,Cote d'Ivoire,1966,4540000.0,34.8,2890.0
608,Cote d'Ivoire,1967,4710000.0,35.6,3170.0
609,Cote d'Ivoire,1968,4900000.0,33.6,3150.0
610,Cote d'Ivoire,1969,5100000.0,31.9,3320.0
611,Cote d'Ivoire,1970,5330000.0,30.9,3310.0
612,Cote d'Ivoire,1971,5580000.0,29.8,3320.0
613,Cote d'Ivoire,1972,5840000.0,31.0,3420.0
614,Cote d'Ivoire,1973,6120000.0,25.5,3370.0
615,Cote d'Ivoire,1974,6410000.0,28.2,3230.0
616,Cote d'Ivoire,1975,6710000.0,24.5,3470.0
617,Cote d'Ivoire,1976,7030000.0,24.3,3490.0
618,Cote d'Ivoire,1977,7350000.0,25.9,3680.0
619,Cote d'Ivoire,1978,7690000.0,26.4,3610.0
620,Cote d'Ivoire,1979,8030000.0,25.9,3740.0
621,Cote d'Ivoire,1980,8390000.0,26.5,3730.0
622,Cote d'Ivoire,1981,8760000.0,24.1,3600.0
623,Cote d'Ivoire,1982,9140000.0,21.9,3340.0
624,Cote d'Ivoire,1983,9530000.0,24.1,3110.0
625,Cote d'Ivoire,1984,9920000.0,26.5,3150.0
626,Cote d'Ivoire,1985,10300000.0,28.5,3130.0
627,Cote d'Ivoire,1986,10700000.0,29.2,2970.0
628,Cote d'Ivoire,1987,11100000.0,32.0,2810.0
629,Cote d'Ivoire,1988,11500000.0,32.7,2700.0
630,Cote d'Ivoire,1989,11900000.0,32.5,2400.0
631,Cote d'Ivoire,1990,12400000.0,33.3,2340.0
632,Cote d'Ivoire,1991,12800000.0,34.0,2310.0
633,Cote d'Ivoire,1992,13300000.0,28.2,2280.0
634,Cote d'Ivoire,1993,13700000.0,25.3,2250.0
635,Cote d'Ivoire,1994,14200000.0,24.7,2340.0
636,Cote d'Ivoire,1995,14700000.0,24.6,2510.0
637,Cote d'Ivoire,1996,15100000.0,23.3,2630.0
638,Cote d'Ivoire,1997,15600000.0,24.2,2750.0
639,Cote d'Ivoire,1998,16000000.0,23.2,2780.0
640,Cote d'Ivoire,1999,16500000.0,25.0,2710.0
641,Cote d'Ivoire,2000,16900000.0,25.9,2700.0
642,Cote d'Ivoire,2001,17200000.0,27.3,2640.0
643,Cote d'Ivoire,2002,17600000.0,28.8,2600.0
644,Cote d'Ivoire,2003,18000000.0,23.6,2620.0
645,Cote d'Ivoire,2004,18400000.0,22.6,2660.0
646,Cote d'Ivoire,2005,18800000.0,22.6,2700.0
647,Cote d'Ivoire,2006,19200000.0,22.0,2740.0
648,Cote d'Ivoire,2007,19600000.0,22.7,2800.0
649,Cote d'Ivoire,2008,20100000.0,21.2,2890.0
650,Cote d'Ivoire,2009,20500000.0,24.5,2940.0
651,Cote d'Ivoire,2010,21000000.0,26.7,2810.0
652,Cote d'Ivoire,2011,21500000.0,22.2,3030.0
653,Cote d'Ivoire,2012,22100000.0,21.0,3250.0
654,Cote d'Ivoire,2013,22600000.0,21.1,3460.0
655,Cote d'Ivoire,2014,23200000.0,18.4,3700.0
656,Cote d'Ivoire,2015,23800000.0,19.7,4080.0
657,Cote d'Ivoire,2016,24400000.0,18.7,4460.0
658,Cote d'Ivoire,2017,25100000.0,20.5,4840.0
659,Cote d'Ivoire,2018,25700000.0,20.7,5210.0
660,Ecuador,1959,4540000.0,33.7,4200.0
661,Ecuador,1960,4670000.0,34.0,4200.0
662,Ecuador,1961,4810000.0,35.3,4320.0
663,Ecuador,1962,4950000.0,34.2,4320.0
664,Ecuador,1963,5090000.0,31.8,4510.0
665,Ecuador,1964,5240000.0,31.3,4830.0
666,Ecuador,1965,5400000.0,28.0,4840.0
667,Ecuador,1966,5560000.0,28.4,4970.0
668,Ecuador,1967,5730000.0,29.3,5110.0
669,Ecuador,1968,5900000.0,26.3,5260.0
670,Ecuador,1969,6070000.0,26.0,5490.0
671,Ecuador,1970,6250000.0,25.3,5670.0
672,Ecuador,1971,6430000.0,25.8,5870.0
673,Ecuador,1972,6610000.0,25.4,6450.0
674,Ecuador,1973,6800000.0,24.1,6660.0
675,Ecuador,1974,6990000.0,22.4,6850.0
676,Ecuador,1975,7190000.0,20.1,7330.0
677,Ecuador,1976,7380000.0,18.7,7620.0
678,Ecuador,1977,7580000.0,18.2,7960.0
679,Ecuador,1978,7780000.0,16.0,8190.0
680,Ecuador,1979,7990000.0,16.1,8370.0
681,Ecuador,1980,8200000.0,15.8,8520.0
682,Ecuador,1981,8410000.0,15.9,8420.0
683,Ecuador,1982,8620000.0,16.9,8070.0
684,Ecuador,1983,8840000.0,18.6,8220.0
685,Ecuador,1984,9070000.0,18.9,8380.0
686,Ecuador,1985,9290000.0,20.8,8440.0
687,Ecuador,1986,9520000.0,21.3,7750.0
688,Ecuador,1987,9760000.0,22.0,8400.0
689,Ecuador,1988,9990000.0,22.4,8240.0
690,Ecuador,1989,10200000.0,20.5,8290.0
691,Ecuador,1990,10500000.0,20.9,8450.0
692,Ecuador,1991,10700000.0,18.9,8430.0
693,Ecuador,1992,11000000.0,23.4,8410.0
694,Ecuador,1993,11200000.0,22.1,8570.0
695,Ecuador,1994,11500000.0,21.9,8580.0
696,Ecuador,1995,11700000.0,20.8,8540.0
697,Ecuador,1996,12000000.0,20.1,8720.0
698,Ecuador,1997,12200000.0,17.5,8830.0
699,Ecuador,1998,12400000.0,17.6,8240.0
700,Ecuador,1999,12700000.0,15.4,8180.0
701,Ecuador,2000,12900000.0,12.7,8350.0
702,Ecuador,2001,13100000.0,11.2,8540.0
703,Ecuador,2002,13400000.0,10.8,8630.0
704,Ecuador,2003,13600000.0,9.69,9180.0
705,Ecuador,2004,13800000.0,9.48,9500.0
706,Ecuador,2005,14100000.0,9.41,9760.0
707,Ecuador,2006,14300000.0,9.36,9810.0
708,Ecuador,2007,14500000.0,8.97,10300.0
709,Ecuador,2008,14800000.0,9.91,10100.0
710,Ecuador,2009,15000000.0,9.73,10300.0
711,Ecuador,2010,15200000.0,9.6,11000.0
712,Ecuador,2011,15500000.0,8.64,11400.0
713,Ecuador,2012,15700000.0,8.77,11800.0
714,Ecuador,2013,16000000.0,9.13,12100.0
715,Ecuador,2014,16200000.0,9.45,11900.0
716,Ecuador,2015,16500000.0,9.52,11600.0
717,Ecuador,2016,16800000.0,9.33,11600.0
718,Ecuador,2017,17100000.0,8.95,11600.0
719,Ecuador,2018,17400000.0,8.8,11400.0
720,Egypt,1959,26600000.0,27.6,1820.0
721,Egypt,1960,27400000.0,27.2,1910.0
722,Egypt,1961,28100000.0,24.6,2010.0
723,Egypt,1962,28900000.0,24.4,2120.0
724,Egypt,1963,29600000.0,23.2,2230.0
725,Egypt,1964,30400000.0,25.7,2340.0
726,Egypt,1965,31200000.0,24.9,2320.0
727,Egypt,1966,32100000.0,24.2,2270.0
728,Egypt,1967,32900000.0,25.4,2280.0
729,Egypt,1968,33700000.0,25.5,2410.0
730,Egypt,1969,34500000.0,24.1,2540.0
731,Egypt,1970,35300000.0,22.9,2620.0
732,Egypt,1971,36100000.0,23.7,2650.0
733,Egypt,1972,36900000.0,26.6,2700.0
734,Egypt,1973,37700000.0,28.8,2770.0
735,Egypt,1974,38500000.0,27.7,3020.0
736,Egypt,1975,39400000.0,26.0,3440.0
737,Egypt,1976,40300000.0,24.8,3820.0
738,Egypt,1977,41300000.0,23.4,4020.0
739,Egypt,1978,42300000.0,20.1,4250.0
740,Egypt,1979,43300000.0,16.6,4590.0
741,Egypt,1980,44400000.0,21.6,4650.0
742,Egypt,1981,45500000.0,18.0,5020.0
743,Egypt,1982,46700000.0,19.0,5290.0
744,Egypt,1983,48000000.0,18.1,5490.0
745,Egypt,1984,49300000.0,17.1,5720.0
746,Egypt,1985,50600000.0,17.4,5740.0
747,Egypt,1986,52000000.0,19.6,5800.0
748,Egypt,1987,53400000.0,18.0,5960.0
749,Egypt,1988,54800000.0,18.7,6050.0
750,Egypt,1989,56100000.0,18.5,6090.0
751,Egypt,1990,57400000.0,17.0,6020.0
752,Egypt,1991,58700000.0,15.6,6150.0
753,Egypt,1992,59900000.0,15.7,6200.0
754,Egypt,1993,61100000.0,15.7,6320.0
755,Egypt,1994,62300000.0,15.7,6480.0
756,Egypt,1995,63600000.0,16.1,6670.0
757,Egypt,1996,64900000.0,15.8,6900.0
758,Egypt,1997,66200000.0,15.9,7140.0
759,Egypt,1998,67500000.0,15.9,7420.0
760,Egypt,1999,68800000.0,15.5,7750.0
761,Egypt,2000,70200000.0,15.4,7870.0
762,Egypt,2001,71500000.0,15.4,7910.0
763,Egypt,2002,72800000.0,15.3,8010.0
764,Egypt,2003,74200000.0,14.3,8180.0
765,Egypt,2004,75500000.0,14.0,8400.0
766,Egypt,2005,76900000.0,13.2,8810.0
767,Egypt,2006,78200000.0,13.4,9280.0
768,Egypt,2007,79600000.0,12.6,9760.0
769,Egypt,2008,81100000.0,13.0,10000.0
770,Egypt,2009,82800000.0,13.3,10300.0
771,Egypt,2010,84500000.0,13.9,10300.0
772,Egypt,2011,86400000.0,11.3,10300.0
773,Egypt,2012,88400000.0,11.3,10300.0
774,Egypt,2013,90400000.0,11.3,10400.0
775,Egypt,2014,92400000.0,11.4,10600.0
776,Egypt,2015,94400000.0,11.8,10800.0
777,Egypt,2016,96400000.0,11.5,11000.0
778,Egypt,2017,98400000.0,11.2,11400.0
779,Egypt,2018,100000000.0,11.0,11800.0
780,Eswatini,1959,337000.0,31.5,901.0
781,Eswatini,1960,343000.0,30.3,995.0
782,Eswatini,1961,350000.0,34.8,1180.0
783,Eswatini,1962,357000.0,38.8,1220.0
784,Eswatini,1963,365000.0,36.8,1370.0
785,Eswatini,1964,374000.0,33.1,1550.0
786,Eswatini,1965,384000.0,35.7,1590.0
787,Eswatini,1966,395000.0,27.5,1700.0
788,Eswatini,1967,407000.0,23.2,1590.0
789,Eswatini,1968,419000.0,29.1,1620.0
790,Eswatini,1969,431000.0,30.1,2050.0
791,Eswatini,1970,444000.0,33.5,2080.0
792,Eswatini,1971,457000.0,35.9,2300.0
793,Eswatini,1972,471000.0,29.9,2320.0
794,Eswatini,1973,485000.0,27.7,2700.0
795,Eswatini,1974,500000.0,24.9,3520.0
796,Eswatini,1975,516000.0,25.7,3890.0
797,Eswatini,1976,532000.0,26.1,3830.0
798,Eswatini,1977,550000.0,31.4,3780.0
799,Eswatini,1978,568000.0,28.5,3750.0
800,Eswatini,1979,588000.0,19.5,3710.0
801,Eswatini,1980,608000.0,19.3,3860.0
802,Eswatini,1981,630000.0,16.4,3820.0
803,Eswatini,1982,652000.0,13.9,3680.0
804,Eswatini,1983,675000.0,17.8,3660.0
805,Eswatini,1984,699000.0,16.9,3620.0
806,Eswatini,1985,724000.0,19.0,4150.0
807,Eswatini,1986,749000.0,14.2,4410.0
808,Eswatini,1987,774000.0,13.8,4550.0
809,Eswatini,1988,798000.0,13.0,4800.0
810,Eswatini,1989,822000.0,8.87,5100.0
811,Eswatini,1990,845000.0,9.83,5050.0
812,Eswatini,1991,867000.0,7.72,5080.0
813,Eswatini,1992,888000.0,8.87,5120.0
814,Eswatini,1993,908000.0,11.4,5120.0
815,Eswatini,1994,927000.0,10.1,5260.0
816,Eswatini,1995,946000.0,12.0,5350.0
817,Eswatini,1996,963000.0,10.9,5420.0
818,Eswatini,1997,980000.0,11.0,5460.0
819,Eswatini,1998,994000.0,11.1,5550.0
820,Eswatini,1999,1010000.0,12.3,5580.0
821,Eswatini,2000,1010000.0,12.1,5590.0
822,Eswatini,2001,1020000.0,12.5,5810.0
823,Eswatini,2002,1020000.0,12.4,6010.0
824,Eswatini,2003,1030000.0,9.66,6210.0
825,Eswatini,2004,1030000.0,11.0,6550.0
826,Eswatini,2005,1040000.0,11.2,6910.0
827,Eswatini,2006,1040000.0,10.8,7170.0
828,Eswatini,2007,1050000.0,10.0,7180.0
829,Eswatini,2008,1060000.0,9.25,7240.0
830,Eswatini,2009,1060000.0,10.2,7460.0
831,Eswatini,2010,1070000.0,9.72,7580.0
832,Eswatini,2011,1080000.0,10.2,7930.0
833,Eswatini,2012,1090000.0,10.1,8180.0
834,Eswatini,2013,1100000.0,9.24,8190.0
835,Eswatini,2014,1100000.0,9.36,8310.0
836,Eswatini,2015,1110000.0,8.96,8320.0
837,Eswatini,2016,1120000.0,8.43,8410.0
838,Eswatini,2017,1140000.0,8.52,8520.0
839,Eswatini,2018,1150000.0,8.45,8620.0
840,France,1959,45700000.0,10.5,13600.0
841,France,1960,46300000.0,9.08,14200.0
842,France,1961,46900000.0,9.83,14800.0
843,France,1962,47600000.0,8.83,15400.0
844,France,1963,48200000.0,7.99,16300.0
845,France,1964,48700000.0,7.79,16900.0
846,France,1965,49200000.0,7.59,17700.0
847,France,1966,49700000.0,7.57,18400.0
848,France,1967,50000000.0,7.32,19100.0
849,France,1968,50400000.0,6.68,20200.0
850,France,1969,50800000.0,6.63,21200.0
851,France,1970,51200000.0,6.07,22100.0
852,France,1971,51600000.0,6.78,22900.0
853,France,1972,52000000.0,6.78,24000.0
854,France,1973,52400000.0,5.41,24600.0
855,France,1974,52700000.0,4.81,24300.0
856,France,1975,53000000.0,4.56,25300.0
857,France,1976,53200000.0,4.32,26200.0
858,France,1977,53400000.0,4.17,26800.0
859,France,1978,53600000.0,4.13,27600.0
860,France,1979,53900000.0,3.61,27900.0
861,France,1980,54100000.0,3.53,28100.0
862,France,1981,54400000.0,4.05,28700.0
863,France,1982,54700000.0,3.6,28900.0
864,France,1983,55000000.0,3.36,29200.0
865,France,1984,55300000.0,3.34,29600.0
866,France,1985,55500000.0,3.23,30200.0
867,France,1986,55800000.0,3.09,30800.0
868,France,1987,56100000.0,2.85,32100.0
869,France,1988,56400000.0,3.13,33100.0
870,France,1989,56700000.0,3.14,33800.0
871,France,1990,56900000.0,2.61,34000.0
872,France,1991,57100000.0,2.59,34400.0
873,France,1992,57400000.0,2.3,34000.0
874,France,1993,57600000.0,2.4,34700.0
875,France,1994,57800000.0,2.44,35300.0
876,France,1995,58000000.0,2.4,35700.0
877,France,1996,58200000.0,2.34,36400.0
878,France,1997,58400000.0,2.36,37500.0
879,France,1998,58700000.0,2.24,38600.0
880,France,1999,59000000.0,2.1,39900.0
881,France,2000,59400000.0,2.11,40400.0
882,France,2001,59800000.0,2.01,40500.0
883,France,2002,60300000.0,1.85,40600.0
884,France,2003,60700000.0,1.82,41400.0
885,France,2004,61100000.0,1.68,41800.0
886,France,2005,61500000.0,1.52,42500.0
887,France,2006,61900000.0,1.61,43300.0
888,France,2007,62200000.0,1.52,43100.0
889,France,2008,62500000.0,1.32,41700.0
890,France,2009,62900000.0,1.6,42300.0
891,France,2010,63200000.0,1.65,43000.0
892,France,2011,63600000.0,1.63,42900.0
893,France,2012,63900000.0,1.46,43000.0
894,France,2013,64200000.0,1.56,43200.0
895,France,2014,64500000.0,1.61,43500.0
896,France,2015,64700000.0,1.44,43800.0
897,France,2016,64800000.0,1.54,44800.0
898,France,2017,65000000.0,1.65,45500.0
899,France,2018,65100000.0,1.6,46100.0
900,Gabon,1959,501000.0,32.2,5760.0
901,Gabon,1960,506000.0,35.2,6320.0
902,Gabon,1961,511000.0,35.9,6840.0
903,Gabon,1962,518000.0,44.1,7710.0
904,Gabon,1963,525000.0,30.2,8520.0
905,Gabon,1964,533000.0,26.3,9180.0
906,Gabon,1965,543000.0,25.2,8900.0
907,Gabon,1966,554000.0,24.1,10000.0
908,Gabon,1967,566000.0,18.4,10200.0
909,Gabon,1968,578000.0,18.6,11200.0
910,Gabon,1969,589000.0,18.5,12000.0
911,Gabon,1970,601000.0,13.8,12900.0
912,Gabon,1971,612000.0,13.1,14100.0
913,Gabon,1972,623000.0,11.6,15300.0
914,Gabon,1973,635000.0,8.21,20900.0
915,Gabon,1974,648000.0,6.4,24400.0
916,Gabon,1975,661000.0,5.01,32400.0
917,Gabon,1976,676000.0,5.46,27600.0
918,Gabon,1977,692000.0,6.51,20500.0
919,Gabon,1978,709000.0,7.45,20100.0
920,Gabon,1979,726000.0,6.76,20100.0
921,Gabon,1980,745000.0,6.12,20600.0
922,Gabon,1981,764000.0,6.12,19400.0
923,Gabon,1982,784000.0,6.5,19900.0
924,Gabon,1983,805000.0,6.1,20900.0
925,Gabon,1984,827000.0,6.75,19800.0
926,Gabon,1985,850000.0,9.24,19100.0
927,Gabon,1986,874000.0,11.0,15400.0
928,Gabon,1987,898000.0,10.1,16900.0
929,Gabon,1988,924000.0,8.69,17800.0
930,Gabon,1989,949000.0,7.32,18200.0
931,Gabon,1990,976000.0,7.62,18800.0
932,Gabon,1991,1000000.0,8.25,17700.0
933,Gabon,1992,1030000.0,8.48,17900.0
934,Gabon,1993,1060000.0,9.09,18100.0
935,Gabon,1994,1080000.0,8.03,18500.0
936,Gabon,1995,1110000.0,7.09,18700.0
937,Gabon,1996,1140000.0,7.22,19300.0
938,Gabon,1997,1170000.0,7.02,19500.0
939,Gabon,1998,1200000.0,7.29,17300.0
940,Gabon,1999,1230000.0,6.21,16600.0
941,Gabon,2000,1260000.0,6.14,16500.0
942,Gabon,2001,1290000.0,5.74,16100.0
943,Gabon,2002,1320000.0,6.0,16100.0
944,Gabon,2003,1350000.0,5.47,15800.0
945,Gabon,2004,1390000.0,4.98,15800.0
946,Gabon,2005,1430000.0,4.91,14900.0
947,Gabon,2006,1470000.0,4.96,15300.0
948,Gabon,2007,1520000.0,4.23,14400.0
949,Gabon,2008,1570000.0,5.04,13900.0
950,Gabon,2009,1620000.0,3.91,14400.0
951,Gabon,2010,1680000.0,3.43,14900.0
952,Gabon,2011,1750000.0,3.35,15100.0
953,Gabon,2012,1820000.0,3.33,15300.0
954,Gabon,2013,1880000.0,3.62,15400.0
955,Gabon,2014,1950000.0,4.31,15500.0
956,Gabon,2015,2010000.0,4.97,15400.0
957,Gabon,2016,2060000.0,5.27,15000.0
958,Gabon,2017,2120000.0,5.44,14700.0
959,Gabon,2018,2170000.0,5.55,14900.0
960,Ghana,1959,6640000.0,40.9,2510.0
961,Ghana,1960,6850000.0,35.4,2530.0
962,Ghana,1961,7070000.0,37.9,2590.0
963,Ghana,1962,7300000.0,35.9,2630.0
964,Ghana,1963,7520000.0,35.4,2640.0
965,Ghana,1964,7740000.0,43.5,2640.0
966,Ghana,1965,7940000.0,43.3,2580.0
967,Ghana,1966,8130000.0,40.2,2570.0
968,Ghana,1967,8320000.0,41.8,2550.0
969,Ghana,1968,8520000.0,45.9,2580.0
970,Ghana,1969,8740000.0,46.5,2790.0
971,Ghana,1970,8970000.0,44.2,2940.0
972,Ghana,1971,9230000.0,46.6,2780.0
973,Ghana,1972,9490000.0,49.0,2790.0
974,Ghana,1973,9750000.0,51.1,2920.0
975,Ghana,1974,9990000.0,47.7,2520.0
976,Ghana,1975,10200000.0,50.6,2400.0
977,Ghana,1976,10400000.0,56.2,2420.0
978,Ghana,1977,10600000.0,60.7,2590.0
979,Ghana,1978,10800000.0,60.0,2510.0
980,Ghana,1979,11100000.0,57.9,2410.0
981,Ghana,1980,11300000.0,53.1,2390.0
982,Ghana,1981,11700000.0,57.3,2200.0
983,Ghana,1982,12000000.0,59.7,1980.0
984,Ghana,1983,12400000.0,49.2,2050.0
985,Ghana,1984,12800000.0,44.9,2100.0
986,Ghana,1985,13200000.0,47.8,2130.0
987,Ghana,1986,13600000.0,50.6,2190.0
988,Ghana,1987,13900000.0,49.6,2260.0
989,Ghana,1988,14400000.0,49.0,2320.0
990,Ghana,1989,14800000.0,44.8,2340.0
991,Ghana,1990,15200000.0,45.5,2400.0
992,Ghana,1991,15700000.0,44.8,2420.0
993,Ghana,1992,16100000.0,36.9,2470.0
994,Ghana,1993,16600000.0,37.8,2480.0
995,Ghana,1994,17000000.0,38.8,2510.0
996,Ghana,1995,17500000.0,39.0,2560.0
997,Ghana,1996,17900000.0,35.8,2600.0
998,Ghana,1997,18400000.0,36.0,2660.0
999,Ghana,1998,18800000.0,35.8,2710.0
1000,Ghana,1999,19300000.0,35.3,2740.0
1001,Ghana,2000,19800000.0,35.2,2780.0
1002,Ghana,2001,20200000.0,35.1,2830.0
1003,Ghana,2002,20800000.0,36.5,2910.0
1004,Ghana,2003,21300000.0,38.0,3000.0
1005,Ghana,2004,21800000.0,37.5,3090.0
1006,Ghana,2005,22400000.0,28.9,3210.0
1007,Ghana,2006,23000000.0,27.3,3260.0
1008,Ghana,2007,23600000.0,29.4,3470.0
1009,Ghana,2008,24200000.0,31.0,3550.0
1010,Ghana,2009,24800000.0,28.0,3730.0
1011,Ghana,2010,25400000.0,23.7,4160.0
1012,Ghana,2011,26000000.0,22.1,4430.0
1013,Ghana,2012,26600000.0,20.4,4650.0
1014,Ghana,2013,27200000.0,20.7,4680.0
1015,Ghana,2014,27800000.0,20.8,4670.0
1016,Ghana,2015,28500000.0,21.5,4720.0
1017,Ghana,2016,29100000.0,20.1,5000.0
1018,Ghana,2017,29800000.0,18.7,5190.0
1019,Ghana,2018,30400000.0,17.6,5410.0
1020,Guyana,1959,572000.0,23.6,3470.0
1021,Guyana,1960,589000.0,23.9,3590.0
1022,Guyana,1961,606000.0,23.5,3590.0
1023,Guyana,1962,623000.0,24.5,3110.0
1024,Guyana,1963,638000.0,22.0,3430.0
1025,Guyana,1964,652000.0,21.6,3760.0
1026,Guyana,1965,665000.0,19.1,3920.0
1027,Guyana,1966,676000.0,18.8,4050.0
1028,Guyana,1967,686000.0,17.4,4060.0
1029,Guyana,1968,696000.0,17.9,4330.0
1030,Guyana,1969,705000.0,16.8,4500.0
1031,Guyana,1970,714000.0,18.0,4650.0
1032,Guyana,1971,722000.0,17.4,4580.0
1033,Guyana,1972,730000.0,16.5,4690.0
1034,Guyana,1973,738000.0,27.7,5040.0
1035,Guyana,1974,746000.0,28.7,5600.0
1036,Guyana,1975,754000.0,20.8,5790.0
1037,Guyana,1976,762000.0,18.7,5660.0
1038,Guyana,1977,770000.0,20.2,5590.0
1039,Guyana,1978,776000.0,19.9,5520.0
1040,Guyana,1979,780000.0,20.7,5680.0
1041,Guyana,1980,782000.0,18.8,5830.0
1042,Guyana,1981,781000.0,20.2,5140.0
1043,Guyana,1982,779000.0,19.8,4870.0
1044,Guyana,1983,775000.0,20.9,4720.0
1045,Guyana,1984,770000.0,22.5,4930.0
1046,Guyana,1985,764000.0,22.6,4990.0
1047,Guyana,1986,757000.0,25.9,5150.0
1048,Guyana,1987,751000.0,22.6,5070.0
1049,Guyana,1988,746000.0,35.1,4920.0
1050,Guyana,1989,743000.0,38.1,4840.0
1051,Guyana,1990,744000.0,40.5,5130.0
1052,Guyana,1991,749000.0,43.8,5500.0
1053,Guyana,1992,754000.0,36.7,5900.0
1054,Guyana,1993,759000.0,38.0,6370.0
1055,Guyana,1994,761000.0,40.9,6660.0
1056,Guyana,1995,761000.0,37.8,7200.0
1057,Guyana,1996,758000.0,36.4,7670.0
1058,Guyana,1997,754000.0,33.9,7590.0
1059,Guyana,1998,750000.0,35.0,7850.0
1060,Guyana,1999,747000.0,30.0,7780.0
1061,Guyana,2000,745000.0,29.7,7970.0
1062,Guyana,2001,745000.0,30.9,8060.0
1063,Guyana,2002,745000.0,32.1,8010.0
1064,Guyana,2003,746000.0,31.5,8130.0
1065,Guyana,2004,746000.0,28.9,7970.0
1066,Guyana,2005,746000.0,34.0,8370.0
1067,Guyana,2006,746000.0,30.4,8970.0
1068,Guyana,2007,747000.0,31.7,9130.0
1069,Guyana,2008,748000.0,29.4,9440.0
1070,Guyana,2009,749000.0,28.5,9810.0
1071,Guyana,2010,752000.0,25.7,10300.0
1072,Guyana,2011,755000.0,25.4,10800.0
1073,Guyana,2012,759000.0,25.6,11100.0
1074,Guyana,2013,763000.0,24.6,11200.0
1075,Guyana,2014,767000.0,25.4,11300.0
1076,Guyana,2015,771000.0,20.4,11600.0
1077,Guyana,2016,775000.0,22.8,12000.0
1078,Guyana,2017,779000.0,19.5,12500.0
1079,Guyana,2018,783000.0,17.6,13100.0
1080,Honduras,1959,2040000.0,33.8,2470.0
1081,Honduras,1960,2100000.0,35.3,2460.0
1082,Honduras,1961,2160000.0,35.4,2530.0
1083,Honduras,1962,2220000.0,34.4,2550.0
1084,Honduras,1963,2280000.0,34.5,2600.0
1085,Honduras,1964,2350000.0,36.4,2740.0
1086,Honduras,1965,2410000.0,36.2,2810.0
1087,Honduras,1966,2490000.0,35.4,2880.0
1088,Honduras,1967,2560000.0,34.6,2960.0
1089,Honduras,1968,2640000.0,32.7,2900.0
1090,Honduras,1969,2720000.0,29.3,2910.0
1091,Honduras,1970,2800000.0,28.2,2940.0
1092,Honduras,1971,2880000.0,28.0,3010.0
1093,Honduras,1972,2970000.0,28.0,3140.0
1094,Honduras,1973,3060000.0,26.6,3480.0
1095,Honduras,1974,3150000.0,24.6,3450.0
1096,Honduras,1975,3250000.0,25.5,3710.0
1097,Honduras,1976,3350000.0,26.9,3980.0
1098,Honduras,1977,3460000.0,39.4,4250.0
1099,Honduras,1978,3570000.0,36.2,4310.0
1100,Honduras,1979,3680000.0,35.0,4210.0
1101,Honduras,1980,3790000.0,32.9,4160.0
1102,Honduras,1981,3910000.0,29.8,3980.0
1103,Honduras,1982,4030000.0,28.3,3840.0
1104,Honduras,1983,4150000.0,25.7,3880.0
1105,Honduras,1984,4280000.0,24.8,3920.0
1106,Honduras,1985,4410000.0,24.7,3830.0
1107,Honduras,1986,4540000.0,23.6,3950.0
1108,Honduras,1987,4680000.0,25.2,4020.0
1109,Honduras,1988,4810000.0,24.6,4090.0
1110,Honduras,1989,4960000.0,24.2,3990.0
1111,Honduras,1990,5100000.0,24.0,3750.0
1112,Honduras,1991,5240000.0,22.7,3870.0
1113,Honduras,1992,5390000.0,21.3,4000.0
1114,Honduras,1993,5550000.0,21.1,3900.0
1115,Honduras,1994,5710000.0,20.5,4030.0
1116,Honduras,1995,5870000.0,20.3,3990.0
1117,Honduras,1996,6050000.0,18.9,4050.0
1118,Honduras,1997,6220000.0,18.3,4080.0
1119,Honduras,1998,6400000.0,13.6,3940.0
1120,Honduras,1999,6570000.0,14.4,4110.0
1121,Honduras,2000,6750000.0,13.2,4110.0
1122,Honduras,2001,6930000.0,12.2,4160.0
1123,Honduras,2002,7110000.0,11.6,4240.0
1124,Honduras,2003,7280000.0,12.2,4390.0
1125,Honduras,2004,7460000.0,12.5,4550.0
1126,Honduras,2005,7630000.0,11.9,4730.0
1127,Honduras,2006,7810000.0,11.9,4910.0
1128,Honduras,2007,7980000.0,12.2,5010.0
1129,Honduras,2008,8150000.0,10.8,4790.0
1130,Honduras,2009,8320000.0,11.6,4870.0
1131,Honduras,2010,8480000.0,14.2,4960.0
1132,Honduras,2011,8640000.0,13.6,5070.0
1133,Honduras,2012,8800000.0,12.2,5110.0
1134,Honduras,2013,8960000.0,12.5,5180.0
1135,Honduras,2014,9110000.0,12.2,5280.0
1136,Honduras,2015,9270000.0,12.0,5400.0
1137,Honduras,2016,9430000.0,12.7,5560.0
1138,Honduras,2017,9590000.0,11.6,5670.0
1139,Honduras,2018,9750000.0,10.8,5730.0
1140,India,1959,451000000.0,41.3,1380.0
1141,India,1960,460000000.0,40.4,1380.0
1142,India,1961,469000000.0,38.4,1370.0
1143,India,1962,479000000.0,39.3,1390.0
1144,India,1963,489000000.0,41.2,1460.0
1145,India,1964,499000000.0,39.0,1360.0
1146,India,1965,510000000.0,40.0,1330.0
1147,India,1966,520000000.0,42.8,1390.0
1148,India,1967,532000000.0,41.6,1390.0
1149,India,1968,543000000.0,41.4,1440.0
1150,India,1969,555000000.0,39.9,1460.0
1151,India,1970,568000000.0,38.1,1430.0
1152,India,1971,581000000.0,38.0,1380.0
1153,India,1972,595000000.0,41.2,1400.0
1154,India,1973,609000000.0,38.2,1370.0
1155,India,1974,623000000.0,35.3,1440.0
1156,India,1975,638000000.0,33.4,1420.0
1157,India,1976,652000000.0,34.9,1480.0
1158,India,1977,667000000.0,33.2,1510.0
1159,India,1978,683000000.0,31.3,1390.0
1160,India,1979,699000000.0,33.1,1440.0
1161,India,1980,715000000.0,31.7,1480.0
1162,India,1981,732000000.0,30.6,1480.0
1163,India,1982,749000000.0,31.3,1550.0
1164,India,1983,767000000.0,30.1,1560.0
1165,India,1984,784000000.0,28.6,1570.0
1166,India,1985,802000000.0,27.5,1590.0
1167,India,1986,820000000.0,26.9,1610.0
1168,India,1987,837000000.0,28.0,1720.0
1169,India,1988,855000000.0,26.9,1770.0
1170,India,1989,873000000.0,26.9,1810.0
1171,India,1990,891000000.0,27.3,1790.0
1172,India,1991,909000000.0,26.7,1850.0
1173,India,1992,927000000.0,26.9,1900.0
1174,India,1993,946000000.0,26.4,1990.0
1175,India,1994,964000000.0,24.5,2100.0
1176,India,1995,982000000.0,25.4,2220.0
1177,India,1996,1000000000.0,24.3,2260.0
1178,India,1997,1020000000.0,24.4,2360.0
1179,India,1998,1040000000.0,23.0,2520.0
1180,India,1999,1060000000.0,21.6,2570.0
1181,India,2000,1080000000.0,21.6,2650.0
1182,India,2001,1090000000.0,19.5,2710.0
1183,India,2002,1110000000.0,19.6,2870.0
1184,India,2003,1130000000.0,17.8,3050.0
1185,India,2004,1150000000.0,17.6,3240.0
1186,India,2005,1170000000.0,16.8,3450.0
1187,India,2006,1180000000.0,16.8,3660.0
1188,India,2007,1200000000.0,16.8,3710.0
1189,India,2008,1220000000.0,16.7,3950.0
1190,India,2009,1230000000.0,17.0,4230.0
1191,India,2010,1250000000.0,17.2,4390.0
1192,India,2011,1270000000.0,16.8,4580.0
1193,India,2012,1280000000.0,17.1,4810.0
1194,India,2013,1300000000.0,16.8,5110.0
1195,India,2014,1310000000.0,16.2,5450.0
1196,India,2015,1320000000.0,16.4,5840.0
1197,India,2016,1340000000.0,16.6,6190.0
1198,India,2017,1350000000.0,16.0,6500.0
1199,India,2018,1370000000.0,16.7,6700.0
1200,Iran,1959,21900000.0,25.9,3950.0
1201,Iran,1960,22500000.0,24.9,4210.0
1202,Iran,1961,23100000.0,23.8,4220.0
1203,Iran,1962,23700000.0,22.3,4600.0
1204,Iran,1963,24300000.0,20.8,4840.0
1205,Iran,1964,25000000.0,18.6,5330.0
1206,Iran,1965,25600000.0,17.4,5750.0
1207,Iran,1966,26300000.0,16.5,6280.0
1208,Iran,1967,27000000.0,15.9,7100.0
1209,Iran,1968,27800000.0,14.5,7870.0
1210,Iran,1969,28500000.0,13.0,8550.0
1211,Iran,1970,29300000.0,12.7,9430.0
1212,Iran,1971,30100000.0,12.0,10800.0
1213,Iran,1972,30900000.0,9.87,11500.0
1214,Iran,1973,31800000.0,6.93,12300.0
1215,Iran,1974,32700000.0,6.67,12600.0
1216,Iran,1975,33700000.0,6.49,14500.0
1217,Iran,1976,34800000.0,5.67,14000.0
1218,Iran,1977,36000000.0,7.46,12100.0
1219,Iran,1978,37200000.0,8.57,10700.0
1220,Iran,1979,38700000.0,11.1,8930.0
1221,Iran,1980,40200000.0,13.7,8370.0
1222,Iran,1981,41900000.0,12.8,9380.0
1223,Iran,1982,43600000.0,11.1,10300.0
1224,Iran,1983,45500000.0,12.3,10200.0
1225,Iran,1984,47300000.0,12.8,10100.0
1226,Iran,1985,49300000.0,15.2,8900.0
1227,Iran,1986,51200000.0,16.3,8570.0
1228,Iran,1987,53100000.0,15.4,7940.0
1229,Iran,1988,54800000.0,15.6,8090.0
1230,Iran,1989,56400000.0,12.5,8650.0
1231,Iran,1990,57700000.0,12.0,9500.0
1232,Iran,1991,58800000.0,12.1,9590.0
1233,Iran,1992,59700000.0,10.4,9530.0
1234,Iran,1993,60600000.0,10.6,9250.0
1235,Iran,1994,61400000.0,12.6,9330.0
1236,Iran,1995,62300000.0,10.3,9680.0
1237,Iran,1996,63100000.0,9.81,9600.0
1238,Iran,1997,64000000.0,11.6,9680.0
1239,Iran,1998,64800000.0,9.91,9640.0
1240,Iran,1999,65600000.0,9.07,10100.0
1241,Iran,2000,66400000.0,8.31,10000.0
1242,Iran,2001,67300000.0,7.83,10600.0
1243,Iran,2002,68100000.0,7.45,11400.0
1244,Iran,2003,69000000.0,6.89,11800.0
1245,Iran,2004,69800000.0,6.5,12000.0
1246,Iran,2005,70600000.0,7.12,12500.0
1247,Iran,2006,71300000.0,7.19,13300.0
1248,Iran,2007,72100000.0,6.12,13200.0
1249,Iran,2008,72900000.0,6.92,13200.0
1250,Iran,2009,73800000.0,6.5,13800.0
1251,Iran,2010,74600000.0,5.45,14000.0
1252,Iran,2011,75500000.0,7.62,12800.0
1253,Iran,2012,76500000.0,9.75,12600.0
1254,Iran,2013,77500000.0,9.78,13000.0
1255,Iran,2014,78500000.0,10.5,12700.0
1256,Iran,2015,79600000.0,9.64,14200.0
1257,Iran,2016,80700000.0,9.5,14500.0
1258,Iran,2017,81800000.0,9.94,13500.0
1259,Iran,2018,82900000.0,12.2,12400.0
1260,Kenya,1959,8120000.0,35.3,1870.0
1261,Kenya,1960,8380000.0,34.1,1740.0
1262,Kenya,1961,8650000.0,37.6,1760.0
1263,Kenya,1962,8930000.0,38.4,1780.0
1264,Kenya,1963,9220000.0,36.8,1870.0
1265,Kenya,1964,9530000.0,32.4,1820.0
1266,Kenya,1965,9850000.0,34.7,1970.0
1267,Kenya,1966,10200000.0,33.7,2000.0
1268,Kenya,1967,10500000.0,31.7,2060.0
1269,Kenya,1968,10900000.0,30.9,2110.0
1270,Kenya,1969,11300000.0,30.2,2190.0
1271,Kenya,1970,11700000.0,28.2,2250.0
1272,Kenya,1971,12100000.0,32.2,2280.0
1273,Kenya,1972,12600000.0,31.9,2320.0
1274,Kenya,1973,13100000.0,31.3,2350.0
1275,Kenya,1974,13600000.0,30.2,2270.0
1276,Kenya,1975,14100000.0,33.3,2280.0
1277,Kenya,1976,14600000.0,37.0,2410.0
1278,Kenya,1977,15200000.0,32.1,2550.0
1279,Kenya,1978,15800000.0,30.2,2560.0
1280,Kenya,1979,16400000.0,27.8,2620.0
1281,Kenya,1980,17100000.0,27.9,2600.0
1282,Kenya,1981,17700000.0,29.0,2680.0
1283,Kenya,1982,18400000.0,29.9,2630.0
1284,Kenya,1983,19100000.0,29.5,2610.0
1285,Kenya,1984,19900000.0,28.6,2670.0
1286,Kenya,1985,20600000.0,28.8,2800.0
1287,Kenya,1986,21400000.0,27.2,2910.0
1288,Kenya,1987,22200000.0,25.5,3030.0
1289,Kenya,1988,22900000.0,26.0,3120.0
1290,Kenya,1989,23700000.0,25.3,3210.0
1291,Kenya,1990,24500000.0,24.3,3150.0
1292,Kenya,1991,25300000.0,24.8,3030.0
1293,Kenya,1992,26100000.0,26.8,2940.0
1294,Kenya,1993,27000000.0,28.1,2930.0
1295,Kenya,1994,27800000.0,26.3,2970.0
1296,Kenya,1995,28600000.0,27.5,3000.0
1297,Kenya,1996,29400000.0,27.7,2930.0
1298,Kenya,1997,30300000.0,27.7,2940.0
1299,Kenya,1998,31100000.0,28.7,2930.0
1300,Kenya,1999,32000000.0,28.7,2870.0
1301,Kenya,2000,32800000.0,27.8,2900.0
1302,Kenya,2001,33800000.0,25.9,2830.0
1303,Kenya,2002,34700000.0,25.8,2840.0
1304,Kenya,2003,35600000.0,24.9,2900.0
1305,Kenya,2004,36600000.0,24.2,2990.0
1306,Kenya,2005,37600000.0,20.5,3100.0
1307,Kenya,2006,38700000.0,20.6,3220.0
1308,Kenya,2007,39800000.0,22.2,3140.0
1309,Kenya,2008,40900000.0,23.4,3160.0
1310,Kenya,2009,42000000.0,24.8,3330.0
1311,Kenya,2010,43200000.0,26.3,3440.0
1312,Kenya,2011,44300000.0,26.2,3500.0
1313,Kenya,2012,45500000.0,26.4,3610.0
1314,Kenya,2013,46700000.0,27.5,3710.0
1315,Kenya,2014,47900000.0,30.2,3830.0
1316,Kenya,2015,49100000.0,31.1,3950.0
1317,Kenya,2016,50200000.0,34.8,4050.0
1318,Kenya,2017,51400000.0,34.1,4200.0
1319,Kenya,2018,52600000.0,34.1,4330.0
1320,Lesotho,1959,837000.0,88.2,566.0
1321,Lesotho,1960,853000.0,89.4,561.0
1322,Lesotho,1961,869000.0,88.2,636.0
1323,Lesotho,1962,886000.0,83.8,694.0
1324,Lesotho,1963,904000.0,81.7,738.0
1325,Lesotho,1964,922000.0,79.3,735.0
1326,Lesotho,1965,942000.0,55.4,734.0
1327,Lesotho,1966,962000.0,46.0,796.0
1328,Lesotho,1967,984000.0,46.4,777.0
1329,Lesotho,1968,1010000.0,42.2,770.0
1330,Lesotho,1969,1030000.0,43.3,771.0
1331,Lesotho,1970,1050000.0,27.9,683.0
1332,Lesotho,1971,1080000.0,43.0,795.0
1333,Lesotho,1972,1100000.0,49.5,979.0
1334,Lesotho,1973,1130000.0,39.4,1010.0
1335,Lesotho,1974,1160000.0,36.5,906.0
1336,Lesotho,1975,1190000.0,30.8,1030.0
1337,Lesotho,1976,1230000.0,37.6,1170.0
1338,Lesotho,1977,1270000.0,30.3,1360.0
1339,Lesotho,1978,1300000.0,34.3,1180.0
1340,Lesotho,1979,1340000.0,22.4,1120.0
1341,Lesotho,1980,1380000.0,24.3,1100.0
1342,Lesotho,1981,1420000.0,16.7,1110.0
1343,Lesotho,1982,1450000.0,16.3,984.0
1344,Lesotho,1983,1490000.0,15.2,985.0
1345,Lesotho,1984,1530000.0,16.0,1050.0
1346,Lesotho,1985,1560000.0,15.8,1050.0
1347,Lesotho,1986,1600000.0,14.3,1080.0
1348,Lesotho,1987,1630000.0,14.0,1170.0
1349,Lesotho,1988,1670000.0,12.6,1230.0
1350,Lesotho,1989,1700000.0,12.2,1280.0
1351,Lesotho,1990,1740000.0,7.33,1340.0
1352,Lesotho,1991,1780000.0,9.08,1410.0
1353,Lesotho,1992,1820000.0,8.33,1420.0
1354,Lesotho,1993,1860000.0,8.26,1480.0
1355,Lesotho,1994,1900000.0,8.78,1490.0
1356,Lesotho,1995,1930000.0,7.69,1550.0
1357,Lesotho,1996,1970000.0,7.0,1580.0
1358,Lesotho,1997,2000000.0,8.32,1580.0
1359,Lesotho,1998,2020000.0,8.78,1570.0
1360,Lesotho,1999,2030000.0,7.83,1620.0
1361,Lesotho,2000,2040000.0,8.3,1680.0
1362,Lesotho,2001,2030000.0,6.4,1690.0
1363,Lesotho,2002,2020000.0,6.35,1780.0
1364,Lesotho,2003,2010000.0,5.98,1820.0
1365,Lesotho,2004,2000000.0,5.67,1890.0
1366,Lesotho,2005,1990000.0,4.84,1980.0
1367,Lesotho,2006,1990000.0,5.39,2080.0
1368,Lesotho,2007,1990000.0,5.51,2220.0
1369,Lesotho,2008,1990000.0,6.15,2260.0
1370,Lesotho,2009,2000000.0,4.86,2270.0
1371,Lesotho,2010,2000000.0,4.54,2390.0
1372,Lesotho,2011,2010000.0,4.9,2530.0
1373,Lesotho,2012,2030000.0,5.06,2620.0
1374,Lesotho,2013,2040000.0,3.96,2680.0
1375,Lesotho,2014,2060000.0,3.78,2730.0
1376,Lesotho,2015,2080000.0,5.71,2840.0
1377,Lesotho,2016,2090000.0,4.96,2780.0
1378,Lesotho,2017,2110000.0,4.32,2750.0
1379,Lesotho,2018,2130000.0,4.73,2700.0
1380,Malawi,1959,3660000.0,48.4,722.0
1381,Malawi,1960,3750000.0,48.6,733.0
1382,Malawi,1961,3840000.0,48.6,705.0
1383,Malawi,1962,3930000.0,49.2,667.0
1384,Malawi,1963,4030000.0,48.1,630.0
1385,Malawi,1964,4130000.0,48.0,689.0
1386,Malawi,1965,4240000.0,45.9,731.0
1387,Malawi,1966,4350000.0,44.0,771.0
1388,Malawi,1967,4460000.0,42.4,733.0
1389,Malawi,1968,4580000.0,41.7,750.0
1390,Malawi,1969,4700000.0,41.0,732.0
1391,Malawi,1970,4830000.0,41.2,805.0
1392,Malawi,1971,4960000.0,42.5,853.0
1393,Malawi,1972,5090000.0,38.9,887.0
1394,Malawi,1973,5240000.0,38.7,907.0
1395,Malawi,1974,5380000.0,34.8,901.0
1396,Malawi,1975,5550000.0,37.0,897.0
1397,Malawi,1976,5720000.0,39.3,904.0
1398,Malawi,1977,5900000.0,36.8,942.0
1399,Malawi,1978,6080000.0,49.1,943.0
1400,Malawi,1979,6250000.0,39.2,907.0
1401,Malawi,1980,6410000.0,36.0,824.0
1402,Malawi,1981,6570000.0,37.2,794.0
1403,Malawi,1982,6740000.0,38.2,791.0
1404,Malawi,1983,6960000.0,37.7,790.0
1405,Malawi,1984,7270000.0,38.1,813.0
1406,Malawi,1985,7670000.0,38.8,776.0
1407,Malawi,1986,8140000.0,43.1,739.0
1408,Malawi,1987,8640000.0,43.4,702.0
1409,Malawi,1988,9080000.0,40.5,684.0
1410,Malawi,1989,9400000.0,38.5,671.0
1411,Malawi,1990,9600000.0,39.6,715.0
1412,Malawi,1991,9690000.0,34.9,657.0
1413,Malawi,1992,9710000.0,44.8,719.0
1414,Malawi,1993,9750000.0,22.3,643.0
1415,Malawi,1994,9840000.0,26.9,743.0
1416,Malawi,1995,10000000.0,31.4,783.0
1417,Malawi,1996,10300000.0,30.3,793.0
1418,Malawi,1997,10600000.0,32.2,802.0
1419,Malawi,1998,10900000.0,34.4,803.0
1420,Malawi,1999,11100000.0,35.7,794.0
1421,Malawi,2000,11400000.0,35.3,736.0
1422,Malawi,2001,11700000.0,38.8,731.0
1423,Malawi,2002,12000000.0,36.2,754.0
1424,Malawi,2003,12300000.0,34.7,775.0
1425,Malawi,2004,12600000.0,32.9,780.0
1426,Malawi,2005,13000000.0,30.9,795.0
1427,Malawi,2006,13300000.0,27.5,847.0
1428,Malawi,2007,13700000.0,30.0,886.0
1429,Malawi,2008,14100000.0,30.4,933.0
1430,Malawi,2009,14500000.0,29.6,969.0
1431,Malawi,2010,15000000.0,28.8,987.0
1432,Malawi,2011,15400000.0,28.3,977.0
1433,Malawi,2012,15800000.0,28.7,999.0
1434,Malawi,2013,16300000.0,28.7,1030.0
1435,Malawi,2014,16700000.0,27.5,1030.0
1436,Malawi,2015,17200000.0,25.9,1030.0
1437,Malawi,2016,17700000.0,23.3,1040.0
1438,Malawi,2017,18100000.0,22.0,1040.0
1439,Malawi,2018,18600000.0,23.3,1060.0
1440,Malaysia,1959,8160000.0,43.7,2810.0
1441,Malaysia,1960,8420000.0,45.4,2930.0
1442,Malaysia,1961,8690000.0,43.0,3020.0
1443,Malaysia,1962,8970000.0,35.1,3090.0
1444,Malaysia,1963,9250000.0,33.3,3210.0
1445,Malaysia,1964,9530000.0,31.0,3360.0
1446,Malaysia,1965,9790000.0,31.5,3450.0
1447,Malaysia,1966,10000000.0,31.6,3430.0
1448,Malaysia,1967,10300000.0,31.3,3650.0
1449,Malaysia,1968,10500000.0,33.1,3780.0
1450,Malaysia,1969,10800000.0,32.6,3930.0
1451,Malaysia,1970,11100000.0,28.4,4140.0
1452,Malaysia,1971,11300000.0,28.3,4360.0
1453,Malaysia,1972,11600000.0,28.9,4890.0
1454,Malaysia,1973,11900000.0,32.5,5150.0
1455,Malaysia,1974,12200000.0,30.7,5090.0
1456,Malaysia,1975,12500000.0,29.4,5610.0
1457,Malaysia,1976,12800000.0,28.2,5950.0
1458,Malaysia,1977,13100000.0,26.4,6340.0
1459,Malaysia,1978,13500000.0,24.9,6720.0
1460,Malaysia,1979,13800000.0,23.0,7130.0
1461,Malaysia,1980,14100000.0,21.8,7480.0
1462,Malaysia,1981,14500000.0,21.5,7760.0
1463,Malaysia,1982,14800000.0,20.2,8060.0
1464,Malaysia,1983,15200000.0,20.3,8500.0
1465,Malaysia,1984,15600000.0,20.3,8230.0
1466,Malaysia,1985,16000000.0,20.2,8150.0
1467,Malaysia,1986,16500000.0,20.0,8400.0
1468,Malaysia,1987,17000000.0,20.1,8950.0
1469,Malaysia,1988,17500000.0,18.1,9590.0
1470,Malaysia,1989,18000000.0,15.2,10300.0
1471,Malaysia,1990,18500000.0,14.4,11000.0
1472,Malaysia,1991,19000000.0,14.6,11700.0
1473,Malaysia,1992,19500000.0,13.8,12500.0
1474,Malaysia,1993,20000000.0,13.7,13300.0
1475,Malaysia,1994,20500000.0,12.9,14300.0
1476,Malaysia,1995,21000000.0,11.7,15300.0
1477,Malaysia,1996,21600000.0,11.1,16000.0
1478,Malaysia,1997,22100000.0,13.3,14400.0
1479,Malaysia,1998,22700000.0,10.8,15000.0
1480,Malaysia,1999,23200000.0,8.6,15900.0
1481,Malaysia,2000,23700000.0,8.01,15700.0
1482,Malaysia,2001,24200000.0,8.99,16200.0
1483,Malaysia,2002,24700000.0,9.31,16800.0
1484,Malaysia,2003,25200000.0,9.27,17500.0
1485,Malaysia,2004,25700000.0,8.26,18100.0
1486,Malaysia,2005,26200000.0,8.61,18800.0
1487,Malaysia,2006,26700000.0,9.99,19500.0
1488,Malaysia,2007,27200000.0,9.97,20100.0
1489,Malaysia,2008,27700000.0,9.22,19400.0
1490,Malaysia,2009,28200000.0,10.1,20500.0
1491,Malaysia,2010,28700000.0,11.5,21300.0
1492,Malaysia,2011,29100000.0,9.79,22100.0
1493,Malaysia,2012,29500000.0,9.11,22900.0
1494,Malaysia,2013,29900000.0,8.87,23900.0
1495,Malaysia,2014,30300000.0,8.29,24800.0
1496,Malaysia,2015,30700000.0,8.46,25500.0
1497,Malaysia,2016,31100000.0,8.6,26700.0
1498,Malaysia,2017,31500000.0,7.51,27600.0
1499,Malaysia,2018,31900000.0,7.26,28400.0
1500,Niger,1959,3390000.0,75.3,1400.0
1501,Niger,1960,3490000.0,73.9,1430.0
1502,Niger,1961,3590000.0,76.0,1560.0
1503,Niger,1962,3690000.0,72.9,1680.0
1504,Niger,1963,3800000.0,74.3,1650.0
1505,Niger,1964,3910000.0,67.7,1750.0
1506,Niger,1965,4030000.0,66.9,1700.0
1507,Niger,1966,4140000.0,70.7,1680.0
1508,Niger,1967,4260000.0,69.2,1660.0
1509,Niger,1968,4390000.0,66.4,1580.0
1510,Niger,1969,4510000.0,64.9,1600.0
1511,Niger,1970,4640000.0,65.5,1660.0
1512,Niger,1971,4770000.0,62.5,1550.0
1513,Niger,1972,4900000.0,60.3,1260.0
1514,Niger,1973,5040000.0,63.8,1340.0
1515,Niger,1974,5180000.0,50.3,1280.0
1516,Niger,1975,5340000.0,47.0,1270.0
1517,Niger,1976,5490000.0,51.8,1340.0
1518,Niger,1977,5650000.0,52.7,1490.0
1519,Niger,1978,5820000.0,48.7,1560.0
1520,Niger,1979,5990000.0,43.1,1610.0
1521,Niger,1980,6160000.0,45.7,1590.0
1522,Niger,1981,6340000.0,44.3,1540.0
1523,Niger,1982,6530000.0,41.6,1480.0
1524,Niger,1983,6720000.0,35.8,1210.0
1525,Niger,1984,6920000.0,36.7,1200.0
1526,Niger,1985,7120000.0,34.7,1230.0
1527,Niger,1986,7330000.0,35.2,1160.0
1528,Niger,1987,7550000.0,35.4,1200.0
1529,Niger,1988,7780000.0,34.1,1180.0
1530,Niger,1989,8030000.0,29.4,1130.0
1531,Niger,1990,8290000.0,31.6,1090.0
1532,Niger,1991,8570000.0,33.2,1070.0
1533,Niger,1992,8860000.0,34.1,1040.0
1534,Niger,1993,9170000.0,31.2,1020.0
1535,Niger,1994,9490000.0,30.7,1010.0
1536,Niger,1995,9830000.0,32.3,978.0
1537,Niger,1996,10200000.0,30.2,959.0
1538,Niger,1997,10500000.0,35.4,1020.0
1539,Niger,1998,10900000.0,35.0,979.0
1540,Niger,1999,11300000.0,36.6,933.0
1541,Niger,2000,11800000.0,40.2,965.0
1542,Niger,2001,12200000.0,41.4,976.0
1543,Niger,2002,12600000.0,41.2,962.0
1544,Niger,2003,13100000.0,37.4,930.0
1545,Niger,2004,13600000.0,39.3,962.0
1546,Niger,2005,14100000.0,39.7,981.0
1547,Niger,2006,14700000.0,37.1,975.0
1548,Niger,2007,15300000.0,38.8,1010.0
1549,Niger,2008,15800000.0,34.8,992.0
1550,Niger,2009,16500000.0,35.8,1040.0
1551,Niger,2010,17100000.0,33.6,1020.0
1552,Niger,2011,17800000.0,33.7,1090.0
1553,Niger,2012,18500000.0,32.2,1100.0
1554,Niger,2013,19200000.0,33.4,1130.0
1555,Niger,2014,20000000.0,32.4,1130.0
1556,Niger,2015,20800000.0,35.4,1150.0
1557,Niger,2016,21600000.0,35.8,1160.0
1558,Niger,2017,22400000.0,38.5,1200.0
1559,Niger,2018,23300000.0,37.8,1230.0
1560,Pakistan,1959,45000000.0,43.2,1190.0
1561,Pakistan,1960,46100000.0,41.7,1230.0
1562,Pakistan,1961,47200000.0,40.0,1280.0
1563,Pakistan,1962,48400000.0,38.8,1330.0
1564,Pakistan,1963,49600000.0,38.3,1390.0
1565,Pakistan,1964,50900000.0,37.0,1410.0
1566,Pakistan,1965,52300000.0,33.8,1490.0
1567,Pakistan,1966,53700000.0,35.1,1500.0
1568,Pakistan,1967,55100000.0,36.5,1570.0
1569,Pakistan,1968,56600000.0,34.0,1620.0
1570,Pakistan,1969,58100000.0,33.4,1750.0
1571,Pakistan,1970,59700000.0,32.0,1710.0
1572,Pakistan,1971,61400000.0,32.8,1680.0
1573,Pakistan,1972,63100000.0,32.5,1750.0
1574,Pakistan,1973,64900000.0,31.9,1770.0
1575,Pakistan,1974,66800000.0,30.2,1800.0
1576,Pakistan,1975,68800000.0,29.4,1850.0
1577,Pakistan,1976,71000000.0,29.4,1880.0
1578,Pakistan,1977,73200000.0,28.7,1980.0
1579,Pakistan,1978,75600000.0,27.8,2000.0
1580,Pakistan,1979,78100000.0,26.5,2130.0
1581,Pakistan,1980,80700000.0,27.5,2220.0
1582,Pakistan,1981,83400000.0,28.4,2310.0
1583,Pakistan,1982,86300000.0,27.3,2390.0
1584,Pakistan,1983,89200000.0,24.9,2430.0
1585,Pakistan,1984,92200000.0,25.7,2570.0
1586,Pakistan,1985,95200000.0,25.0,2650.0
1587,Pakistan,1986,98300000.0,23.6,2720.0
1588,Pakistan,1987,101000000.0,23.2,2810.0
1589,Pakistan,1988,105000000.0,23.9,2870.0
1590,Pakistan,1989,108000000.0,23.1,2920.0
1591,Pakistan,1990,111000000.0,22.8,2980.0
1592,Pakistan,1991,114000000.0,23.3,3120.0
1593,Pakistan,1992,117000000.0,22.2,3090.0
1594,Pakistan,1993,120000000.0,22.8,3120.0
1595,Pakistan,1994,124000000.0,23.4,3180.0
1596,Pakistan,1995,127000000.0,23.2,3240.0
1597,Pakistan,1996,131000000.0,24.5,3180.0
1598,Pakistan,1997,135000000.0,25.3,3170.0
1599,Pakistan,1998,139000000.0,25.2,3200.0
1600,Pakistan,1999,142000000.0,25.6,3250.0
1601,Pakistan,2000,146000000.0,24.2,3280.0
1602,Pakistan,2001,150000000.0,23.1,3280.0
1603,Pakistan,2002,153000000.0,22.9,3390.0
1604,Pakistan,2003,157000000.0,23.1,3560.0
1605,Pakistan,2004,160000000.0,23.0,3710.0
1606,Pakistan,2005,164000000.0,21.6,3840.0
1607,Pakistan,2006,168000000.0,21.8,3930.0
1608,Pakistan,2007,172000000.0,22.5,3910.0
1609,Pakistan,2008,176000000.0,22.7,3930.0
1610,Pakistan,2009,179000000.0,23.3,3910.0
1611,Pakistan,2010,183000000.0,25.1,3930.0
1612,Pakistan,2011,187000000.0,23.7,3980.0
1613,Pakistan,2012,191000000.0,23.8,4070.0
1614,Pakistan,2013,195000000.0,23.7,4170.0
1615,Pakistan,2014,199000000.0,23.8,4280.0
1616,Pakistan,2015,204000000.0,23.2,4420.0
1617,Pakistan,2016,208000000.0,22.9,4570.0
1618,Pakistan,2017,212000000.0,22.9,4740.0
1619,Pakistan,2018,217000000.0,22.0,4690.0
1620,Philippines,1959,26300000.0,26.9,2710.0
1621,Philippines,1960,27200000.0,26.8,2780.0
1622,Philippines,1961,28100000.0,26.9,2830.0
1623,Philippines,1962,29000000.0,27.4,2940.0
1624,Philippines,1963,30000000.0,26.5,2950.0
1625,Philippines,1964,30900000.0,27.2,3020.0
1626,Philippines,1965,31900000.0,27.1,3060.0
1627,Philippines,1966,32800000.0,27.4,3140.0
1628,Philippines,1967,33800000.0,29.2,3200.0
1629,Philippines,1968,34800000.0,29.9,3260.0
1630,Philippines,1969,35800000.0,29.5,3290.0
1631,Philippines,1970,36800000.0,30.3,3380.0
1632,Philippines,1971,37900000.0,29.5,3470.0
1633,Philippines,1972,39000000.0,30.6,3680.0
1634,Philippines,1973,40100000.0,31.1,3710.0
1635,Philippines,1974,41300000.0,30.3,3820.0
1636,Philippines,1975,42400000.0,29.3,4050.0
1637,Philippines,1976,43600000.0,28.7,4170.0
1638,Philippines,1977,44800000.0,28.2,4270.0
1639,Philippines,1978,46100000.0,27.4,4400.0
1640,Philippines,1979,47400000.0,25.1,4500.0
1641,Philippines,1980,48700000.0,24.9,4550.0
1642,Philippines,1981,50000000.0,23.3,4600.0
1643,Philippines,1982,51400000.0,22.4,4580.0
1644,Philippines,1983,52800000.0,24.8,4150.0
1645,Philippines,1984,54300000.0,24.6,3760.0
1646,Philippines,1985,55800000.0,23.9,3800.0
1647,Philippines,1986,57300000.0,24.0,3870.0
1648,Philippines,1987,58800000.0,23.0,4040.0
1649,Philippines,1988,60300000.0,22.7,4200.0
1650,Philippines,1989,61900000.0,21.9,4230.0
1651,Philippines,1990,63500000.0,21.0,4100.0
1652,Philippines,1991,65000000.0,21.8,4020.0
1653,Philippines,1992,66600000.0,21.6,4010.0
1654,Philippines,1993,68200000.0,22.0,4090.0
1655,Philippines,1994,69800000.0,21.6,4180.0
1656,Philippines,1995,71400000.0,20.6,4320.0
1657,Philippines,1996,73000000.0,18.9,4450.0
1658,Philippines,1997,74700000.0,14.8,4320.0
1659,Philippines,1998,76300000.0,15.2,4360.0
1660,Philippines,1999,78000000.0,13.9,4450.0
1661,Philippines,2000,79700000.0,13.3,4490.0
1662,Philippines,2001,81400000.0,13.4,4560.0
1663,Philippines,2002,83100000.0,13.2,4700.0
1664,Philippines,2003,84700000.0,14.0,4910.0
1665,Philippines,2004,86300000.0,13.5,5050.0
1666,Philippines,2005,87900000.0,13.4,5230.0
1667,Philippines,2006,89400000.0,13.6,5480.0
1668,Philippines,2007,90900000.0,14.5,5620.0
1669,Philippines,2008,92400000.0,14.5,5610.0
1670,Philippines,2009,94000000.0,13.7,5920.0
1671,Philippines,2010,95600000.0,14.1,6040.0
1672,Philippines,2011,97200000.0,13.1,6350.0
1673,Philippines,2012,98900000.0,12.5,6670.0
1674,Philippines,2013,101000000.0,12.3,6970.0
1675,Philippines,2014,102000000.0,11.0,7300.0
1676,Philippines,2015,104000000.0,10.2,7710.0
1677,Philippines,2016,105000000.0,10.2,8120.0
1678,Philippines,2017,107000000.0,9.65,8520.0
1679,Philippines,2018,108000000.0,8.82,8910.0
1680,Senegal,1959,3210000.0,23.3,2650.0
1681,Senegal,1960,3300000.0,23.7,2700.0
1682,Senegal,1961,3390000.0,22.5,2730.0
1683,Senegal,1962,3480000.0,23.3,2760.0
1684,Senegal,1963,3580000.0,23.7,2750.0
1685,Senegal,1964,3680000.0,25.0,2770.0
1686,Senegal,1965,3790000.0,25.5,2760.0
1687,Senegal,1966,3900000.0,23.4,2660.0
1688,Senegal,1967,4010000.0,25.5,2750.0
1689,Senegal,1968,4130000.0,23.1,2500.0
1690,Senegal,1969,4260000.0,23.7,2630.0
1691,Senegal,1970,4390000.0,20.6,2550.0
1692,Senegal,1971,4520000.0,24.3,2630.0
1693,Senegal,1972,4660000.0,22.3,2410.0
1694,Senegal,1973,4800000.0,23.5,2430.0
1695,Senegal,1974,4930000.0,29.8,2560.0
1696,Senegal,1975,5060000.0,29.8,2720.0
1697,Senegal,1976,5180000.0,27.0,2570.0
1698,Senegal,1977,5310000.0,20.8,2390.0
1699,Senegal,1978,5440000.0,23.6,2480.0
1700,Senegal,1979,5580000.0,18.5,2320.0
1701,Senegal,1980,5740000.0,20.7,2230.0
1702,Senegal,1981,5910000.0,21.2,2490.0
1703,Senegal,1982,6090000.0,17.0,2470.0
1704,Senegal,1983,6280000.0,18.4,2290.0
1705,Senegal,1984,6470000.0,21.3,2300.0
1706,Senegal,1985,6670000.0,22.0,2330.0
1707,Senegal,1986,6880000.0,22.6,2350.0
1708,Senegal,1987,7090000.0,19.3,2400.0
1709,Senegal,1988,7300000.0,21.2,2270.0
1710,Senegal,1989,7530000.0,18.5,2300.0
1711,Senegal,1990,7760000.0,18.7,2290.0
1712,Senegal,1991,7990000.0,17.1,2250.0
1713,Senegal,1992,8230000.0,19.2,2210.0
1714,Senegal,1993,8460000.0,17.7,2150.0
1715,Senegal,1994,8690000.0,19.5,2200.0
1716,Senegal,1995,8910000.0,18.3,2190.0
1717,Senegal,1996,9130000.0,18.2,2210.0
1718,Senegal,1997,9350000.0,17.8,2280.0
1719,Senegal,1998,9570000.0,17.3,2370.0
1720,Senegal,1999,9800000.0,16.3,2390.0
1721,Senegal,2000,10000000.0,16.2,2440.0
1722,Senegal,2001,10300000.0,13.3,2400.0
1723,Senegal,2002,10500000.0,15.4,2490.0
1724,Senegal,2003,10800000.0,14.1,2580.0
1725,Senegal,2004,11100000.0,15.1,2650.0
1726,Senegal,2005,11400000.0,13.3,2650.0
1727,Senegal,2006,11700000.0,12.2,2710.0
1728,Senegal,2007,12000000.0,14.7,2740.0
1729,Senegal,2008,12300000.0,16.1,2720.0
1730,Senegal,2009,12700000.0,15.9,2740.0
1731,Senegal,2010,13000000.0,12.9,2710.0
1732,Senegal,2011,13400000.0,14.1,2770.0
1733,Senegal,2012,13800000.0,13.7,2770.0
1734,Senegal,2013,14200000.0,13.4,2870.0
1735,Senegal,2014,14600000.0,14.3,2970.0
1736,Senegal,2015,15000000.0,14.4,3070.0
1737,Senegal,2016,15400000.0,15.0,3200.0
1738,Senegal,2017,15900000.0,15.0,3320.0
1739,Senegal,2018,16300000.0,15.0,3400.0
1740,Singapore,1959,1630000.0,3.7,3980.0
1741,Singapore,1960,1690000.0,3.51,4230.0
1742,Singapore,1961,1740000.0,3.59,4470.0
1743,Singapore,1962,1790000.0,3.25,4860.0
1744,Singapore,1963,1830000.0,3.33,4620.0
1745,Singapore,1964,1880000.0,3.07,4920.0
1746,Singapore,1965,1920000.0,3.27,5400.0
1747,Singapore,1966,1960000.0,3.04,6000.0
1748,Singapore,1967,2000000.0,3.05,6790.0
1749,Singapore,1968,2030000.0,2.81,7710.0
1750,Singapore,1969,2070000.0,2.56,8750.0
1751,Singapore,1970,2110000.0,2.58,9750.0
1752,Singapore,1971,2150000.0,2.21,11000.0
1753,Singapore,1972,2190000.0,2.29,12100.0
1754,Singapore,1973,2230000.0,2.01,12900.0
1755,Singapore,1974,2260000.0,2.16,13400.0
1756,Singapore,1975,2290000.0,2.04,14400.0
1757,Singapore,1976,2310000.0,1.99,15500.0
1758,Singapore,1977,2340000.0,1.67,16800.0
1759,Singapore,1978,2370000.0,1.55,18300.0
1760,Singapore,1979,2410000.0,1.51,20200.0
1761,Singapore,1980,2460000.0,1.46,21500.0
1762,Singapore,1981,2520000.0,1.34,22300.0
1763,Singapore,1982,2580000.0,1.18,24100.0
1764,Singapore,1983,2640000.0,1.07,26000.0
1765,Singapore,1984,2710000.0,0.921,26000.0
1766,Singapore,1985,2760000.0,0.717,26600.0
1767,Singapore,1986,2820000.0,0.551,29300.0
1768,Singapore,1987,2870000.0,0.417,32100.0
1769,Singapore,1988,2940000.0,0.356,34600.0
1770,Singapore,1989,3010000.0,0.323,37300.0
1771,Singapore,1990,3100000.0,0.25,38700.0
1772,Singapore,1991,3200000.0,0.197,40100.0
1773,Singapore,1992,3310000.0,0.173,43600.0
1774,Singapore,1993,3420000.0,0.173,46900.0
1775,Singapore,1994,3530000.0,0.145,48800.0
1776,Singapore,1995,3640000.0,0.15,50300.0
1777,Singapore,1996,3750000.0,0.133,52700.0
1778,Singapore,1997,3860000.0,0.111,49800.0
1779,Singapore,1998,3950000.0,0.111,52300.0
1780,Singapore,1999,4030000.0,0.0921,56000.0
1781,Singapore,2000,4080000.0,0.0824,53900.0
1782,Singapore,2001,4100000.0,0.071,55500.0
1783,Singapore,2002,4130000.0,0.0611,58900.0
1784,Singapore,2003,4180000.0,0.0556,63900.0
1785,Singapore,2004,4270000.0,0.0551,67000.0
1786,Singapore,2005,4400000.0,0.0489,70800.0
1787,Singapore,2006,4580000.0,0.0429,74000.0
1788,Singapore,2007,4780000.0,0.0414,71500.0
1789,Singapore,2008,4970000.0,0.0407,69500.0
1790,Singapore,2009,5130000.0,0.0362,78200.0
1791,Singapore,2010,5260000.0,0.0347,81400.0
1792,Singapore,2011,5370000.0,0.0333,83000.0
1793,Singapore,2012,5450000.0,0.0344,85600.0
1794,Singapore,2013,5530000.0,0.0346,87800.0
1795,Singapore,2014,5590000.0,0.0326,89400.0
1796,Singapore,2015,5650000.0,0.0316,91100.0
1797,Singapore,2016,5710000.0,0.0308,94900.0
1798,Singapore,2017,5760000.0,0.0302,97700.0
1799,Singapore,2018,5800000.0,0.0324,97300.0
1800,South Africa,1959,17100000.0,10.7,7960.0
1801,South Africa,1960,17500000.0,11.0,8050.0
1802,South Africa,1961,18000000.0,10.6,8330.0
1803,South Africa,1962,18400000.0,10.4,8700.0
1804,South Africa,1963,18900000.0,9.0,9150.0
1805,South Africa,1964,19400000.0,8.76,9440.0
1806,South Africa,1965,19900000.0,9.05,9610.0
1807,South Africa,1966,20400000.0,9.97,10000.0
1808,South Africa,1967,20900000.0,8.37,10200.0
1809,South Africa,1968,21500000.0,7.82,10400.0
1810,South Africa,1969,22100000.0,6.76,10600.0
1811,South Africa,1970,22700000.0,7.34,10800.0
1812,South Africa,1971,23300000.0,7.21,10700.0
1813,South Africa,1972,23900000.0,6.87,10900.0
1814,South Africa,1973,24600000.0,8.24,11200.0
1815,South Africa,1974,25200000.0,7.27,11100.0
1816,South Africa,1975,25800000.0,6.38,11100.0
1817,South Africa,1976,26500000.0,6.63,10800.0
1818,South Africa,1977,27100000.0,6.29,10900.0
1819,South Africa,1978,27800000.0,5.59,11000.0
1820,South Africa,1979,28600000.0,5.84,11400.0
1821,South Africa,1980,29300000.0,6.05,11700.0
1822,South Africa,1981,30200000.0,5.26,11400.0
1823,South Africa,1982,31000000.0,4.11,10800.0
1824,South Africa,1983,31800000.0,4.43,11100.0
1825,South Africa,1984,32700000.0,4.78,10700.0
1826,South Africa,1985,33500000.0,4.57,10400.0
1827,South Africa,1986,34300000.0,5.15,10400.0
1828,South Africa,1987,35100000.0,5.32,10600.0
1829,South Africa,1988,35900000.0,4.9,10600.0
1830,South Africa,1989,36800000.0,4.21,10300.0
1831,South Africa,1990,37700000.0,4.17,9940.0
1832,South Africa,1991,38700000.0,3.51,9490.0
1833,South Africa,1992,39600000.0,3.83,9380.0
1834,South Africa,1993,40600000.0,4.21,9450.0
1835,South Africa,1994,41400000.0,3.54,9540.0
1836,South Africa,1995,42200000.0,3.86,9760.0
1837,South Africa,1996,43000000.0,3.69,9840.0
1838,South Africa,1997,43700000.0,3.45,9730.0
1839,South Africa,1998,44300000.0,3.24,9820.0
1840,South Africa,1999,45000000.0,2.99,10100.0
1841,South Africa,2000,45600000.0,3.22,10200.0
1842,South Africa,2001,46200000.0,3.38,10500.0
1843,South Africa,2002,46700000.0,3.05,10600.0
1844,South Africa,2003,47300000.0,2.76,11000.0
1845,South Africa,2004,47900000.0,2.39,11400.0
1846,South Africa,2005,48500000.0,2.33,11900.0
1847,South Africa,2006,49100000.0,2.64,12400.0
1848,South Africa,2007,49800000.0,2.86,12600.0
1849,South Africa,2008,50500000.0,2.71,12300.0
1850,South Africa,2009,51200000.0,2.39,12500.0
1851,South Africa,2010,52000000.0,2.29,12700.0
1852,South Africa,2011,52800000.0,2.17,12700.0
1853,South Africa,2012,53700000.0,2.1,12900.0
1854,South Africa,2013,54500000.0,2.17,12900.0
1855,South Africa,2014,55400000.0,2.09,12800.0
1856,South Africa,2015,56200000.0,2.22,12700.0
1857,South Africa,2016,57000000.0,2.36,12700.0
1858,South Africa,2017,57800000.0,2.18,12600.0
1859,South Africa,2018,58600000.0,1.88,12500.0
1860,South Korea,1959,25300000.0,36.6,1780.0
1861,South Korea,1960,26100000.0,38.7,1830.0
1862,South Korea,1961,26800000.0,36.6,1840.0
1863,South Korea,1962,27500000.0,43.1,1940.0
1864,South Korea,1963,28200000.0,46.5,2050.0
1865,South Korea,1964,28900000.0,37.5,2130.0
1866,South Korea,1965,29600000.0,34.4,2310.0
1867,South Korea,1966,30200000.0,30.2,2450.0
1868,South Korea,1967,30900000.0,28.2,2690.0
1869,South Korea,1968,31500000.0,27.4,2990.0
1870,South Korea,1969,32200000.0,26.5,3190.0
1871,South Korea,1970,32900000.0,27.1,3430.0
1872,South Korea,1971,33500000.0,26.5,3580.0
1873,South Korea,1972,34200000.0,24.6,4010.0
1874,South Korea,1973,34800000.0,24.2,4280.0
1875,South Korea,1974,35400000.0,24.5,4510.0
1876,South Korea,1975,35900000.0,23.0,4980.0
1877,South Korea,1976,36500000.0,21.8,5460.0
1878,South Korea,1977,37000000.0,19.9,5910.0
1879,South Korea,1978,37500000.0,18.5,6280.0
1880,South Korea,1979,38000000.0,14.3,6030.0
1881,South Korea,1980,38600000.0,15.0,6310.0
1882,South Korea,1981,39200000.0,14.0,6670.0
1883,South Korea,1982,39700000.0,12.6,7390.0
1884,South Korea,1983,40300000.0,11.9,7990.0
1885,South Korea,1984,40800000.0,11.8,8460.0
1886,South Korea,1985,41300000.0,10.4,9240.0
1887,South Korea,1986,41700000.0,9.31,10200.0
1888,South Korea,1987,42100000.0,9.22,11200.0
1889,South Korea,1988,42500000.0,8.54,11800.0
1890,South Korea,1989,42900000.0,7.61,12700.0
1891,South Korea,1990,43400000.0,6.82,13900.0
1892,South Korea,1991,43800000.0,6.61,14600.0
1893,South Korea,1992,44300000.0,5.91,15500.0
1894,South Korea,1993,44800000.0,5.66,16800.0
1895,South Korea,1994,45300000.0,5.33,18200.0
1896,South Korea,1995,45800000.0,4.96,19400.0
1897,South Korea,1996,46200000.0,4.48,20400.0
1898,South Korea,1997,46600000.0,4.23,19300.0
1899,South Korea,1998,47000000.0,4.25,21300.0
1900,South Korea,1999,47400000.0,3.86,23100.0
1901,South Korea,2000,47700000.0,3.57,24000.0
1902,South Korea,2001,48000000.0,3.21,25700.0
1903,South Korea,2002,48300000.0,2.96,26400.0
1904,South Korea,2003,48500000.0,2.96,27600.0
1905,South Korea,2004,48700000.0,2.62,28700.0
1906,South Korea,2005,48900000.0,2.5,30100.0
1907,South Korea,2006,49000000.0,2.28,31700.0
1908,South Korea,2007,49200000.0,2.14,32400.0
1909,South Korea,2008,49300000.0,2.24,32500.0
1910,South Korea,2009,49500000.0,2.14,34500.0
1911,South Korea,2010,49800000.0,2.21,35500.0
1912,South Korea,2011,50100000.0,2.19,36200.0
1913,South Korea,2012,50300000.0,2.1,37200.0
1914,South Korea,2013,50600000.0,2.06,38100.0
1915,South Korea,2014,50800000.0,2.0,39000.0
1916,South Korea,2015,51000000.0,1.86,40000.0
1917,South Korea,2016,51100000.0,1.85,41100.0
1918,South Korea,2017,51200000.0,1.75,42100.0
1919,South Korea,2018,51200000.0,1.62,42900.0
1920,Sri Lanka,1959,9870000.0,32.1,2370.0
1921,Sri Lanka,1960,10100000.0,32.9,2350.0
1922,Sri Lanka,1961,10400000.0,31.1,2360.0
1923,Sri Lanka,1962,10600000.0,32.3,2340.0
1924,Sri Lanka,1963,10800000.0,31.0,2380.0
1925,Sri Lanka,1964,11100000.0,28.6,2380.0
1926,Sri Lanka,1965,11400000.0,28.7,2290.0
1927,Sri Lanka,1966,11700000.0,30.1,2430.0
1928,Sri Lanka,1967,11900000.0,31.6,2550.0
1929,Sri Lanka,1968,12200000.0,29.3,2580.0
1930,Sri Lanka,1969,12500000.0,28.8,2630.0
1931,Sri Lanka,1970,12700000.0,27.5,2550.0
1932,Sri Lanka,1971,13000000.0,26.7,2540.0
1933,Sri Lanka,1972,13300000.0,27.7,2580.0
1934,Sri Lanka,1973,13500000.0,33.5,2620.0
1935,Sri Lanka,1974,13800000.0,30.6,2620.0
1936,Sri Lanka,1975,14000000.0,29.3,2640.0
1937,Sri Lanka,1976,14300000.0,31.0,2760.0
1938,Sri Lanka,1977,14500000.0,30.8,2860.0
1939,Sri Lanka,1978,14800000.0,27.2,2980.0
1940,Sri Lanka,1979,15000000.0,27.8,3070.0
1941,Sri Lanka,1980,15300000.0,28.0,3190.0
1942,Sri Lanka,1981,15500000.0,26.6,3290.0
1943,Sri Lanka,1982,15700000.0,28.5,3390.0
1944,Sri Lanka,1983,15900000.0,28.9,3500.0
1945,Sri Lanka,1984,16200000.0,28.1,3580.0
1946,Sri Lanka,1985,16400000.0,27.5,3690.0
1947,Sri Lanka,1986,16600000.0,27.3,3660.0
1948,Sri Lanka,1987,16900000.0,26.7,3680.0
1949,Sri Lanka,1988,17100000.0,26.0,3710.0
1950,Sri Lanka,1989,17300000.0,26.7,3880.0
1951,Sri Lanka,1990,17500000.0,27.1,4010.0
1952,Sri Lanka,1991,17700000.0,26.1,4140.0
1953,Sri Lanka,1992,17900000.0,24.9,4380.0
1954,Sri Lanka,1993,18100000.0,24.0,4580.0
1955,Sri Lanka,1994,18200000.0,23.1,4790.0
1956,Sri Lanka,1995,18400000.0,22.5,4940.0
1957,Sri Lanka,1996,18500000.0,21.9,5230.0
1958,Sri Lanka,1997,18600000.0,21.2,5440.0
1959,Sri Lanka,1998,18700000.0,20.7,5650.0
1960,Sri Lanka,1999,18800000.0,19.9,5950.0
1961,Sri Lanka,2000,18900000.0,20.1,5820.0
1962,Sri Lanka,2001,19100000.0,14.3,6000.0
1963,Sri Lanka,2002,19200000.0,13.2,6300.0
1964,Sri Lanka,2003,19400000.0,12.5,6590.0
1965,Sri Lanka,2004,19500000.0,11.8,6940.0
1966,Sri Lanka,2005,19700000.0,11.3,7420.0
1967,Sri Lanka,2006,19800000.0,11.7,7870.0
1968,Sri Lanka,2007,20000000.0,13.4,8270.0
1969,Sri Lanka,2008,20100000.0,12.7,8510.0
1970,Sri Lanka,2009,20300000.0,8.5,9130.0
1971,Sri Lanka,2010,20400000.0,8.83,9830.0
1972,Sri Lanka,2011,20500000.0,7.45,10700.0
1973,Sri Lanka,2012,20700000.0,7.67,11000.0
1974,Sri Lanka,2013,20800000.0,8.01,11400.0
1975,Sri Lanka,2014,20900000.0,8.18,11900.0
1976,Sri Lanka,2015,21000000.0,7.43,12300.0
1977,Sri Lanka,2016,21100000.0,7.83,12600.0
1978,Sri Lanka,2017,21200000.0,8.02,12900.0
1979,Sri Lanka,2018,21300000.0,7.54,13100.0
1980,Sudan,1959,7540000.0,51.4,1880.0
1981,Sudan,1960,7770000.0,51.5,1840.0
1982,Sudan,1961,8000000.0,49.9,1930.0
1983,Sudan,1962,8250000.0,44.8,1840.0
1984,Sudan,1963,8500000.0,41.8,1790.0
1985,Sudan,1964,8770000.0,41.9,1880.0
1986,Sudan,1965,9050000.0,35.1,1820.0
1987,Sudan,1966,9340000.0,34.9,1730.0
1988,Sudan,1967,9640000.0,32.5,1800.0
1989,Sudan,1968,9950000.0,34.5,1880.0
1990,Sudan,1969,10300000.0,38.2,1760.0
1991,Sudan,1970,10600000.0,38.8,1840.0
1992,Sudan,1971,11000000.0,38.5,1770.0
1993,Sudan,1972,11300000.0,39.8,1580.0
1994,Sudan,1973,11700000.0,39.6,1700.0
1995,Sudan,1974,12100000.0,35.8,1870.0
1996,Sudan,1975,12600000.0,34.4,2160.0
1997,Sudan,1976,13000000.0,35.6,2430.0
1998,Sudan,1977,13500000.0,34.7,2330.0
1999,Sudan,1978,14000000.0,32.1,2020.0
2000,Sudan,1979,14500000.0,29.9,1990.0
2001,Sudan,1980,15000000.0,33.4,1970.0
2002,Sudan,1981,15600000.0,34.1,2170.0
2003,Sudan,1982,16100000.0,31.2,2090.0
2004,Sudan,1983,16700000.0,28.6,1930.0
2005,Sudan,1984,17200000.0,31.5,1760.0
2006,Sudan,1985,17800000.0,34.5,1790.0
2007,Sudan,1986,18300000.0,31.6,1810.0
2008,Sudan,1987,18900000.0,39.4,1810.0
2009,Sudan,1988,19500000.0,37.4,1920.0
2010,Sudan,1989,20100000.0,39.0,1730.0
2011,Sudan,1990,20900000.0,40.2,1820.0
2012,Sudan,1991,21700000.0,38.5,1890.0
2013,Sudan,1992,22500000.0,39.9,1920.0
2014,Sudan,1993,23300000.0,34.5,1890.0
2015,Sudan,1994,24100000.0,37.3,1950.0
2016,Sudan,1995,24800000.0,42.4,2010.0
2017,Sudan,1996,25400000.0,45.0,2170.0
2018,Sudan,1997,26000000.0,44.4,2200.0
2019,Sudan,1998,26600000.0,43.3,2210.0
2020,Sudan,1999,27300000.0,40.7,2280.0
2021,Sudan,2000,28000000.0,41.2,2360.0
2022,Sudan,2001,28700000.0,40.3,2450.0
2023,Sudan,2002,29500000.0,36.6,2560.0
2024,Sudan,2003,30200000.0,32.2,2590.0
2025,Sudan,2004,30900000.0,30.6,2710.0
2026,Sudan,2005,31700000.0,28.1,2900.0
2027,Sudan,2006,32400000.0,25.2,3140.0
2028,Sudan,2007,33100000.0,24.5,3300.0
2029,Sudan,2008,33800000.0,24.7,3310.0
2030,Sudan,2009,34500000.0,23.3,3220.0
2031,Sudan,2010,35300000.0,32.0,3650.0
2032,Sudan,2011,36200000.0,34.3,4010.0
2033,Sudan,2012,37100000.0,30.6,4080.0
2034,Sudan,2013,38000000.0,32.1,4090.0
2035,Sudan,2014,38900000.0,32.3,4190.0
2036,Sudan,2015,39800000.0,29.9,4290.0
2037,Sudan,2016,40800000.0,24.1,4360.0
2038,Sudan,2017,41800000.0,22.0,4160.0
2039,Sudan,2018,42800000.0,21.8,3960.0
2040,Suriname,1959,288000.0,9.53,6730.0
2041,Suriname,1960,296000.0,9.29,6910.0
2042,Suriname,1961,304000.0,8.78,7090.0
2043,Suriname,1962,312000.0,8.77,7280.0
2044,Suriname,1963,320000.0,9.04,7480.0
2045,Suriname,1964,329000.0,9.21,7670.0
2046,Suriname,1965,338000.0,8.25,7880.0
2047,Suriname,1966,348000.0,7.82,8080.0
2048,Suriname,1967,357000.0,7.85,8290.0
2049,Suriname,1968,364000.0,6.91,8510.0
2050,Suriname,1969,368000.0,6.48,8720.0
2051,Suriname,1970,369000.0,6.51,9300.0
2052,Suriname,1971,368000.0,6.7,9830.0
2053,Suriname,1972,365000.0,6.32,10400.0
2054,Suriname,1973,362000.0,7.09,9760.0
2055,Suriname,1974,359000.0,6.24,10900.0
2056,Suriname,1975,358000.0,7.08,12000.0
2057,Suriname,1976,358000.0,7.18,13300.0
2058,Suriname,1977,358000.0,6.23,14100.0
2059,Suriname,1978,359000.0,7.41,13300.0
2060,Suriname,1979,360000.0,7.74,12200.0
2061,Suriname,1980,360000.0,7.87,13100.0
2062,Suriname,1981,361000.0,7.87,12600.0
2063,Suriname,1982,362000.0,7.19,12100.0
2064,Suriname,1983,365000.0,7.75,11900.0
2065,Suriname,1984,369000.0,8.19,13500.0
2066,Suriname,1985,374000.0,9.32,13100.0
2067,Suriname,1986,381000.0,10.4,12000.0
2068,Suriname,1987,389000.0,10.1,12800.0
2069,Suriname,1988,397000.0,8.99,13200.0
2070,Suriname,1989,405000.0,8.08,12500.0
2071,Suriname,1990,413000.0,8.81,12600.0
2072,Suriname,1991,421000.0,11.2,12400.0
2073,Suriname,1992,428000.0,18.9,11400.0
2074,Suriname,1993,435000.0,16.3,11600.0
2075,Suriname,1994,442000.0,14.0,11400.0
2076,Suriname,1995,448000.0,14.8,11400.0
2077,Suriname,1996,454000.0,11.7,11800.0
2078,Suriname,1997,460000.0,8.39,12000.0
2079,Suriname,1998,465000.0,8.45,11700.0
2080,Suriname,1999,471000.0,9.54,11800.0
2081,Suriname,2000,477000.0,9.09,12100.0
2082,Suriname,2001,482000.0,6.7,12300.0
2083,Suriname,2002,488000.0,6.48,12900.0
2084,Suriname,2003,494000.0,5.22,13900.0
2085,Suriname,2004,499000.0,4.92,14300.0
2086,Suriname,2005,505000.0,9.99,15000.0
2087,Suriname,2006,511000.0,10.1,15600.0
2088,Suriname,2007,517000.0,8.93,16000.0
2089,Suriname,2008,523000.0,9.84,16300.0
2090,Suriname,2009,529000.0,9.47,17000.0
2091,Suriname,2010,535000.0,8.73,17700.0
2092,Suriname,2011,541000.0,8.39,18000.0
2093,Suriname,2012,547000.0,8.49,18300.0
2094,Suriname,2013,553000.0,9.38,18200.0
2095,Suriname,2014,559000.0,10.4,17400.0
2096,Suriname,2015,565000.0,10.8,16200.0
2097,Suriname,2016,571000.0,10.9,16400.0
2098,Suriname,2017,576000.0,10.0,16600.0
2099,Suriname,2018,581000.0,8.66,16500.0
2100,Thailand,1959,27400000.0,36.4,1980.0
2101,Thailand,1960,28200000.0,35.8,2010.0
2102,Thailand,1961,29100000.0,34.0,2080.0
2103,Thailand,1962,30000000.0,33.1,2170.0
2104,Thailand,1963,30900000.0,30.6,2240.0
2105,Thailand,1964,31800000.0,31.9,2330.0
2106,Thailand,1965,32800000.0,33.4,2510.0
2107,Thailand,1966,33800000.0,29.2,2620.0
2108,Thailand,1967,34800000.0,28.7,2740.0
2109,Thailand,1968,35800000.0,28.7,2850.0
2110,Thailand,1969,36900000.0,25.9,2940.0
2111,Thailand,1970,38000000.0,23.9,2970.0
2112,Thailand,1971,39100000.0,25.3,3000.0
2113,Thailand,1972,40200000.0,27.7,3190.0
2114,Thailand,1973,41300000.0,27.0,3240.0
2115,Thailand,1974,42300000.0,26.9,3300.0
2116,Thailand,1975,43400000.0,26.7,3500.0
2117,Thailand,1976,44400000.0,24.8,3740.0
2118,Thailand,1977,45400000.0,24.5,4010.0
2119,Thailand,1978,46400000.0,24.0,4100.0
2120,Thailand,1979,47400000.0,23.2,4170.0
2121,Thailand,1980,48300000.0,21.4,4310.0
2122,Thailand,1981,49300000.0,18.5,4430.0
2123,Thailand,1982,50200000.0,20.1,4570.0
2124,Thailand,1983,51100000.0,17.6,4720.0
2125,Thailand,1984,52000000.0,15.8,4830.0
2126,Thailand,1985,53000000.0,15.7,4990.0
2127,Thailand,1986,53900000.0,15.7,5350.0
2128,Thailand,1987,54900000.0,16.2,5940.0
2129,Thailand,1988,55800000.0,15.1,6530.0
2130,Thailand,1989,56600000.0,12.5,7110.0
2131,Thailand,1990,57200000.0,12.6,7630.0
2132,Thailand,1991,57800000.0,12.3,8160.0
2133,Thailand,1992,58300000.0,8.03,8750.0
2134,Thailand,1993,58900000.0,8.63,9370.0
2135,Thailand,1994,59500000.0,9.08,10000.0
2136,Thailand,1995,60100000.0,9.06,10500.0
2137,Thailand,1996,60800000.0,9.06,10100.0
2138,Thailand,1997,61600000.0,10.3,9190.0
2139,Thailand,1998,62300000.0,8.89,9500.0
2140,Thailand,1999,63000000.0,8.5,9820.0
2141,Thailand,2000,63500000.0,8.58,10100.0
2142,Thailand,2001,64100000.0,8.69,10600.0
2143,Thailand,2002,64500000.0,9.44,11300.0
2144,Thailand,2003,65000000.0,9.29,11900.0
2145,Thailand,2004,65400000.0,9.19,12300.0
2146,Thailand,2005,65800000.0,9.4,12900.0
2147,Thailand,2006,66200000.0,9.35,13500.0
2148,Thailand,2007,66500000.0,10.1,13600.0
2149,Thailand,2008,66900000.0,9.79,13500.0
2150,Thailand,2009,67200000.0,10.5,14400.0
2151,Thailand,2010,67500000.0,11.6,14500.0
2152,Thailand,2011,67800000.0,11.5,15400.0
2153,Thailand,2012,68100000.0,11.3,15800.0
2154,Thailand,2013,68400000.0,10.1,15900.0
2155,Thailand,2014,68700000.0,8.87,16300.0
2156,Thailand,2015,69000000.0,8.48,16800.0
2157,Thailand,2016,69200000.0,8.41,17400.0
2158,Thailand,2017,69400000.0,8.18,18100.0
2159,Thailand,2018,69600000.0,8.14,18500.0
2160,Togo,1959,1580000.0,54.9,1220.0
2161,Togo,1960,1600000.0,55.2,1270.0
2162,Togo,1961,1610000.0,53.4,1280.0
2163,Togo,1962,1630000.0,51.9,1300.0
2164,Togo,1963,1660000.0,48.9,1450.0
2165,Togo,1964,1710000.0,44.7,1600.0
2166,Togo,1965,1770000.0,43.9,1700.0
2167,Togo,1966,1860000.0,44.2,1740.0
2168,Togo,1967,1950000.0,44.6,1780.0
2169,Togo,1968,2030000.0,43.0,1920.0
2170,Togo,1969,2120000.0,33.8,1830.0
2171,Togo,1970,2190000.0,31.7,1900.0
2172,Togo,1971,2250000.0,30.7,1900.0
2173,Togo,1972,2300000.0,32.0,1770.0
2174,Togo,1973,2360000.0,24.6,1780.0
2175,Togo,1974,2410000.0,26.6,1720.0
2176,Togo,1975,2460000.0,32.3,1660.0
2177,Togo,1976,2520000.0,35.4,1690.0
2178,Togo,1977,2580000.0,24.1,1810.0
2179,Togo,1978,2640000.0,25.4,1850.0
2180,Togo,1979,2720000.0,27.5,1710.0
2181,Togo,1980,2810000.0,28.2,1540.0
2182,Togo,1981,2920000.0,27.0,1430.0
2183,Togo,1982,3030000.0,34.5,1310.0
2184,Togo,1983,3140000.0,33.5,1330.0
2185,Togo,1984,3250000.0,33.7,1330.0
2186,Togo,1985,3360000.0,34.8,1320.0
2187,Togo,1986,3470000.0,33.5,1240.0
2188,Togo,1987,3580000.0,33.6,1320.0
2189,Togo,1988,3680000.0,32.2,1320.0
2190,Togo,1989,3770000.0,33.8,1350.0
2191,Togo,1990,3860000.0,32.8,1310.0
2192,Togo,1991,3950000.0,35.3,1230.0
2193,Togo,1992,4030000.0,44.1,1020.0
2194,Togo,1993,4120000.0,34.9,1150.0
2195,Togo,1994,4230000.0,37.8,1210.0
2196,Togo,1995,4350000.0,40.8,1280.0
2197,Togo,1996,4490000.0,42.2,1420.0
2198,Togo,1997,4630000.0,35.0,1340.0
2199,Togo,1998,4780000.0,36.9,1330.0
2200,Togo,1999,4920000.0,30.6,1280.0
2201,Togo,2000,5060000.0,33.9,1260.0
2202,Togo,2001,5200000.0,33.2,1270.0
2203,Togo,2002,5330000.0,28.4,1320.0
2204,Togo,2003,5470000.0,31.1,1280.0
2205,Togo,2004,5610000.0,36.6,1190.0
2206,Togo,2005,5760000.0,33.6,1190.0
2207,Togo,2006,5920000.0,29.1,1140.0
2208,Togo,2007,6080000.0,38.9,1160.0
2209,Togo,2008,6250000.0,30.9,1190.0
2210,Togo,2009,6420000.0,28.7,1230.0
2211,Togo,2010,6600000.0,29.9,1270.0
2212,Togo,2011,6770000.0,42.5,1320.0
2213,Togo,2012,6950000.0,37.5,1360.0
2214,Togo,2013,7140000.0,25.7,1400.0
2215,Togo,2014,7320000.0,24.4,1450.0
2216,Togo,2015,7510000.0,20.8,1490.0
2217,Togo,2016,7700000.0,20.6,1520.0
2218,Togo,2017,7890000.0,20.4,1550.0
2219,Togo,2018,8080000.0,19.8,1600.0
2220,Turkey,1959,27500000.0,54.9,3500.0
2221,Turkey,1960,28100000.0,51.7,3510.0
2222,Turkey,1961,28800000.0,52.8,3680.0
2223,Turkey,1962,29500000.0,53.3,3990.0
2224,Turkey,1963,30200000.0,50.5,4120.0
2225,Turkey,1964,31000000.0,46.1,4190.0
2226,Turkey,1965,31700000.0,47.2,4650.0
2227,Turkey,1966,32500000.0,44.5,4810.0
2228,Turkey,1967,33300000.0,41.6,5100.0
2229,Turkey,1968,34100000.0,40.9,5320.0
2230,Turkey,1969,34900000.0,39.1,5530.0
2231,Turkey,1970,35700000.0,37.4,5980.0
2232,Turkey,1971,36600000.0,34.3,6300.0
2233,Turkey,1972,37500000.0,34.0,6510.0
2234,Turkey,1973,38400000.0,36.0,6960.0
2235,Turkey,1974,39300000.0,35.4,7500.0
2236,Turkey,1975,40200000.0,32.5,8080.0
2237,Turkey,1976,41100000.0,31.4,8360.0
2238,Turkey,1977,42000000.0,31.8,8530.0
2239,Turkey,1978,43000000.0,27.9,8400.0
2240,Turkey,1979,44000000.0,26.1,8290.0
2241,Turkey,1980,45000000.0,24.2,8530.0
2242,Turkey,1981,46000000.0,22.4,8850.0
2243,Turkey,1982,47100000.0,20.9,9070.0
2244,Turkey,1983,48100000.0,21.2,9480.0
2245,Turkey,1984,49100000.0,19.7,9870.0
2246,Turkey,1985,50100000.0,19.5,10500.0
2247,Turkey,1986,51100000.0,17.8,11300.0
2248,Turkey,1987,52100000.0,17.3,11600.0
2249,Turkey,1988,53000000.0,16.6,11700.0
2250,Turkey,1989,53900000.0,17.5,12700.0
2251,Turkey,1990,54800000.0,15.2,12500.0
2252,Turkey,1991,55700000.0,15.0,13000.0
2253,Turkey,1992,56700000.0,15.4,13700.0
2254,Turkey,1993,57600000.0,15.5,12900.0
2255,Turkey,1994,58500000.0,15.7,13700.0
2256,Turkey,1995,59400000.0,16.9,14500.0
2257,Turkey,1996,60400000.0,14.5,15300.0
2258,Turkey,1997,61300000.0,12.5,15400.0
2259,Turkey,1998,62300000.0,10.5,14700.0
2260,Turkey,1999,63200000.0,10.0,15500.0
2261,Turkey,2000,64200000.0,8.79,14400.0
2262,Turkey,2001,65100000.0,10.2,15100.0
2263,Turkey,2002,66100000.0,9.8,15700.0
2264,Turkey,2003,67000000.0,9.33,17000.0
2265,Turkey,2004,67900000.0,9.17,18300.0
2266,Turkey,2005,68800000.0,8.09,19300.0
2267,Turkey,2006,69600000.0,7.46,20100.0
2268,Turkey,2007,70400000.0,7.42,20000.0
2269,Turkey,2008,71300000.0,8.07,18800.0
2270,Turkey,2009,72300000.0,8.97,20100.0
2271,Turkey,2010,73400000.0,8.17,22000.0
2272,Turkey,2011,74700000.0,7.69,22700.0
2273,Turkey,2012,75900000.0,6.68,24200.0
2274,Turkey,2013,77200000.0,6.56,25000.0
2275,Turkey,2014,78500000.0,6.87,26000.0
2276,Turkey,2015,79800000.0,6.14,26500.0
2277,Turkey,2016,81100000.0,6.04,28000.0
2278,Turkey,2017,82300000.0,5.78,28400.0
2279,Turkey,2018,83400000.0,6.42,28300.0
2280,Uganda,1959,6770000.0,49.9,1310.0
2281,Uganda,1960,6980000.0,49.9,1250.0
2282,Uganda,1961,7220000.0,49.2,1260.0
2283,Uganda,1962,7460000.0,47.5,1360.0
2284,Uganda,1963,7720000.0,47.2,1410.0
2285,Uganda,1964,7990000.0,49.1,1390.0
2286,Uganda,1965,8260000.0,48.0,1430.0
2287,Uganda,1966,8550000.0,45.8,1450.0
2288,Uganda,1967,8840000.0,44.4,1440.0
2289,Uganda,1968,9130000.0,45.4,1540.0
2290,Uganda,1969,9410000.0,51.0,1510.0
2291,Uganda,1970,9670000.0,54.0,1500.0
2292,Uganda,1971,9930000.0,54.5,1470.0
2293,Uganda,1972,10200000.0,58.6,1430.0
2294,Uganda,1973,10500000.0,60.5,1390.0
2295,Uganda,1974,10700000.0,70.6,1320.0
2296,Uganda,1975,11000000.0,71.9,1290.0
2297,Uganda,1976,11400000.0,73.3,1270.0
2298,Uganda,1977,11700000.0,73.7,1160.0
2299,Uganda,1978,12100000.0,65.2,1000.0
2300,Uganda,1979,12400000.0,71.8,942.0
2301,Uganda,1980,12800000.0,58.3,948.0
2302,Uganda,1981,13200000.0,50.2,992.0
2303,Uganda,1982,13600000.0,53.1,1030.0
2304,Uganda,1983,14100000.0,49.8,905.0
2305,Uganda,1984,14600000.0,48.4,889.0
2306,Uganda,1985,15100000.0,53.1,856.0
2307,Uganda,1986,15600000.0,54.8,870.0
2308,Uganda,1987,16200000.0,54.3,889.0
2309,Uganda,1988,16800000.0,54.4,910.0
2310,Uganda,1989,17400000.0,53.3,908.0
2311,Uganda,1990,18000000.0,49.4,926.0
2312,Uganda,1991,18600000.0,48.2,926.0
2313,Uganda,1992,19200000.0,48.3,971.0
2314,Uganda,1993,19800000.0,46.2,1000.0
2315,Uganda,1994,20400000.0,45.3,1080.0
2316,Uganda,1995,21000000.0,41.0,1150.0
2317,Uganda,1996,21700000.0,38.1,1170.0
2318,Uganda,1997,22300000.0,38.3,1190.0
2319,Uganda,1998,23000000.0,34.8,1250.0
2320,Uganda,1999,23700000.0,27.5,1250.0
2321,Uganda,2000,24400000.0,27.9,1280.0
2322,Uganda,2001,25200000.0,23.4,1350.0
2323,Uganda,2002,26000000.0,24.5,1390.0
2324,Uganda,2003,26800000.0,21.7,1440.0
2325,Uganda,2004,27700000.0,25.1,1480.0
2326,Uganda,2005,28600000.0,24.0,1590.0
2327,Uganda,2006,29500000.0,22.3,1670.0
2328,Uganda,2007,30400000.0,21.4,1760.0
2329,Uganda,2008,31400000.0,34.2,1820.0
2330,Uganda,2009,32400000.0,32.4,1860.0
2331,Uganda,2010,33500000.0,28.8,1970.0
2332,Uganda,2011,34600000.0,27.0,1980.0
2333,Uganda,2012,35700000.0,26.2,1990.0
2334,Uganda,2013,36900000.0,25.0,2020.0
2335,Uganda,2014,38200000.0,23.6,2050.0
2336,Uganda,2015,39600000.0,22.8,2080.0
2337,Uganda,2016,41200000.0,23.5,2080.0
2338,Uganda,2017,42700000.0,23.2,2120.0
2339,Uganda,2018,44300000.0,23.1,2190.0
2340,Zambia,1959,3070000.0,11.5,1760.0
2341,Zambia,1960,3160000.0,12.8,1750.0
2342,Zambia,1961,3260000.0,12.3,1710.0
2343,Zambia,1962,3360000.0,13.0,1730.0
2344,Zambia,1963,3460000.0,12.0,1940.0
2345,Zambia,1964,3570000.0,14.3,2270.0
2346,Zambia,1965,3680000.0,13.4,2120.0
2347,Zambia,1966,3800000.0,12.8,2260.0
2348,Zambia,1967,3920000.0,11.4,2260.0
2349,Zambia,1968,4050000.0,9.67,2220.0
2350,Zambia,1969,4180000.0,10.7,2280.0
2351,Zambia,1970,4320000.0,13.0,2250.0
2352,Zambia,1971,4470000.0,12.9,2420.0
2353,Zambia,1972,4620000.0,11.3,2350.0
2354,Zambia,1973,4780000.0,10.6,2500.0
2355,Zambia,1974,4940000.0,13.1,2370.0
2356,Zambia,1975,5110000.0,14.2,2470.0
2357,Zambia,1976,5290000.0,16.4,2310.0
2358,Zambia,1977,5470000.0,16.1,2290.0
2359,Zambia,1978,5660000.0,14.9,2180.0
2360,Zambia,1979,5850000.0,14.0,2210.0
2361,Zambia,1980,6060000.0,15.6,2300.0
2362,Zambia,1981,6270000.0,13.5,2180.0
2363,Zambia,1982,6480000.0,14.2,2080.0
2364,Zambia,1983,6700000.0,14.5,2020.0
2365,Zambia,1984,6920000.0,13.1,2020.0
2366,Zambia,1985,7150000.0,12.2,1980.0
2367,Zambia,1986,7370000.0,10.9,1980.0
2368,Zambia,1987,7600000.0,16.4,2070.0
2369,Zambia,1988,7820000.0,19.1,2050.0
2370,Zambia,1989,8040000.0,18.2,2190.0
2371,Zambia,1990,8250000.0,15.8,2130.0
2372,Zambia,1991,8450000.0,21.3,2050.0
2373,Zambia,1992,8660000.0,30.5,2130.0
2374,Zambia,1993,8870000.0,11.8,1900.0
2375,Zambia,1994,9100000.0,14.1,1910.0
2376,Zambia,1995,9340000.0,13.3,1980.0
2377,Zambia,1996,9600000.0,14.0,2000.0
2378,Zambia,1997,9870000.0,15.9,1930.0
2379,Zambia,1998,10100000.0,18.2,1970.0
2380,Zambia,1999,10400000.0,16.1,1990.0
2381,Zambia,2000,10700000.0,15.5,2040.0
2382,Zambia,2001,11000000.0,15.4,2080.0
2383,Zambia,2002,11300000.0,15.6,2170.0
2384,Zambia,2003,11600000.0,15.6,2260.0
2385,Zambia,2004,11900000.0,14.6,2360.0
2386,Zambia,2005,12200000.0,13.2,2480.0
2387,Zambia,2006,12500000.0,12.1,2620.0
2388,Zambia,2007,12800000.0,11.5,2750.0
2389,Zambia,2008,13200000.0,11.6,2920.0
2390,Zambia,2009,13600000.0,9.42,3130.0
2391,Zambia,2010,14000000.0,9.65,3200.0
2392,Zambia,2011,14500000.0,9.32,3340.0
2393,Zambia,2012,14900000.0,8.23,3400.0
2394,Zambia,2013,15400000.0,6.78,3450.0
2395,Zambia,2014,15900000.0,4.98,3440.0
2396,Zambia,2015,16400000.0,6.23,3470.0
2397,Zambia,2016,16900000.0,4.02,3490.0
2398,Zambia,2017,17400000.0,3.34,3520.0
2399,Zambia,2018,17900000.0,2.86,3470.0
